id,first_name,last_name,email,address,ip_address
1,Renie,Momery,rmomery0@youku.com,7937 Jana Circle,66.226.184.51
2,Amelia,Challiner,achalliner1@pbs.org,1440 Oxford Plaza,32.86.248.206
3,Oliviero,Levet,olevet2@npr.org,3 Village Green Court,202.36.212.10
4,Skylar,Heigold,sheigold3@g.co,3354 Gale Terrace,9.103.243.34
5,Ulrich,Jaime,ujaime4@ebay.com,5348 Jana Terrace,244.92.148.45
6,Isobel,Megarrell,imegarrell5@netscape.com,993 Mcguire Court,193.182.75.234
7,Neda,Gave,ngave6@xing.com,14 Crownhardt Parkway,125.55.141.3
8,Rubi,Shepherdson,rshepherdson7@about.me,2 Eliot Center,113.143.12.152
9,Joni,Shemwell,jshemwell8@wisc.edu,2 Rigney Center,81.228.121.49
10,Brina,Willows,bwillows9@csmonitor.com,4418 Ludington Trail,237.83.141.205
11,Winfield,Hasell,whasella@alibaba.com,2 Merrick Road,216.22.206.222
12,Halsy,Quinell,hquinellb@eepurl.com,1984 Anhalt Center,34.138.178.29
13,Mirilla,MacIllrick,mmacillrickc@privacy.gov.au,3012 Muir Place,84.22.117.106
14,Guinevere,Symcock,gsymcockd@mayoclinic.com,6 Schmedeman Park,106.34.55.125
15,Barbi,Flott,bflotte@fda.gov,0 Corscot Crossing,177.237.205.165
16,Mona,Millard,mmillardf@go.com,136 Ryan Circle,163.24.31.88
17,Kath,Whiteman,kwhitemang@digg.com,2814 Autumn Leaf Center,154.121.72.62
18,Jobyna,Pes,jpesh@qq.com,225 Susan Place,34.113.57.117
19,Margaux,Affleck,mafflecki@phoca.cz,038 Messerschmidt Crossing,80.174.44.126
20,Robena,Rapsey,rrapseyj@godaddy.com,5 Calypso Junction,125.68.121.18
21,Chester,Huertas,chuertask@foxnews.com,70 Tennyson Place,13.129.163.15
22,Deborah,Kowal,dkowall@myspace.com,10 Havey Drive,83.165.179.11
23,Dorella,Osbiston,dosbistonm@oracle.com,923 Homewood Trail,216.234.194.16
24,Torie,Le Surf,tlesurfn@github.io,31 Oxford Plaza,196.240.148.245
25,Bertram,Mc Dermid,bmcdermido@hp.com,125 Hansons Street,219.65.5.84
26,Lyndel,De Bell,ldebellp@arizona.edu,9 Esch Point,137.242.122.164
27,Othelia,Curzon,ocurzonq@china.com.cn,02000 Hermina Street,68.243.117.251
28,Alli,Shillitoe,ashillitoer@auda.org.au,89 Pepper Wood Street,42.87.234.87
29,Audy,Rozenbaum,arozenbaums@ft.com,71320 Eagle Crest Center,19.117.174.73
30,Sheila-kathryn,Hosburn,shosburnt@boston.com,6411 Eagan Road,120.18.243.104
31,Melisa,Dufer,mduferu@samsung.com,89 Mcguire Junction,211.59.7.68
32,Noelyn,Madden,nmaddenv@noaa.gov,02 Sloan Point,88.51.126.27
33,Irwinn,Medwell,imedwellw@cisco.com,20 Hanover Center,202.228.240.56
34,Ebba,Reinbeck,ereinbeckx@rediff.com,69 Thackeray Hill,128.189.142.125
35,Ethelind,Jachimiak,ejachimiaky@dot.gov,2 Derek Terrace,242.234.59.43
36,Brittany,Houndson,bhoundsonz@java.com,2 Twin Pines Lane,53.139.167.160
37,Merla,Perell,mperell10@youtube.com,26 Dottie Plaza,3.83.30.179
38,Kennedy,Crowcroft,kcrowcroft11@about.me,34518 Holy Cross Plaza,18.161.34.224
39,Hillier,Clothier,hclothier12@hatena.ne.jp,20016 Lake View Road,178.189.192.183
40,Callida,Rigglesford,crigglesford13@jigsy.com,7 Dorton Crossing,202.178.138.123
41,Artus,Oliffe,aoliffe14@youku.com,431 Walton Crossing,173.86.85.80
42,Kaleena,Beale,kbeale15@wordpress.com,872 Havey Way,110.100.2.225
43,Ethan,Haswell,ehaswell16@vinaora.com,1 Parkside Avenue,218.243.38.206
44,Rinaldo,Gosden,rgosden17@cnn.com,8269 High Crossing Alley,139.110.194.66
45,Wynn,MacGragh,wmacgragh18@theguardian.com,519 Huxley Circle,62.28.147.73
46,Hyacinthie,Tichelaar,htichelaar19@shutterfly.com,6770 Troy Hill,56.38.49.4
47,Daryl,Ghione,dghione1a@howstuffworks.com,067 Sachtjen Alley,200.168.25.86
48,Wynnie,Dullard,wdullard1b@t-online.de,850 Kipling Center,90.46.235.188
49,Zoe,Sainer,zsainer1c@reverbnation.com,14 Sugar Trail,100.213.131.9
50,Jordan,Bendle,jbendle1d@telegraph.co.uk,3 Fisk Street,234.237.216.28
51,Austine,Oaks,aoaks1e@barnesandnoble.com,36 Roth Court,75.76.157.63
52,Melvin,Lafont,mlafont1f@creativecommons.org,03 Oxford Place,241.1.43.189
53,Mandie,Checcucci,mcheccucci1g@cbsnews.com,492 Maple Wood Place,128.40.159.133
54,Bob,Catley,bcatley1h@mit.edu,2030 Golf Pass,208.82.151.142
55,Shannan,Krollman,skrollman1i@about.com,25 Springs Hill,245.217.92.10
56,Vernice,Feacham,vfeacham1j@prweb.com,1 Delladonna Way,102.30.132.159
57,Brad,Bernardotti,bbernardotti1k@biglobe.ne.jp,18 Karstens Crossing,92.220.224.234
58,Celinda,Retallack,cretallack1l@xinhuanet.com,9 Hansons Terrace,200.175.225.229
59,Herrick,Corkhill,hcorkhill1m@yandex.ru,68468 Darwin Drive,19.87.80.126
60,Patricia,Surgen,psurgen1n@blogs.com,5 Fisk Park,192.201.171.45
61,Mahmoud,Andriesse,mandriesse1o@cyberchimps.com,82784 Red Cloud Street,183.40.59.19
62,Jedd,Kynsey,jkynsey1p@scientificamerican.com,23 5th Street,29.231.203.69
63,Marlow,Beckmann,mbeckmann1q@networksolutions.com,49 Sutteridge Crossing,58.9.239.37
64,Scottie,Alcide,salcide1r@twitpic.com,18936 Dayton Junction,109.96.109.57
65,Skell,Causbey,scausbey1s@homestead.com,24956 School Hill,252.184.154.246
66,Bibi,Arden,barden1t@engadget.com,874 Pearson Circle,88.245.14.232
67,Maurizio,Harbottle,mharbottle1u@scientificamerican.com,78514 Linden Hill,33.195.142.73
68,Douglas,Henrion,dhenrion1v@army.mil,599 Amoth Point,109.196.200.45
69,Colline,Kment,ckment1w@dion.ne.jp,2165 Arapahoe Point,123.140.118.251
70,Aurel,Allabarton,aallabarton1x@sogou.com,22460 Hintze Hill,30.48.179.152
71,Allin,Mosedill,amosedill1y@weibo.com,1 Montana Lane,234.254.224.73
72,Evelyn,Bugden,ebugden1z@people.com.cn,0586 Esker Circle,24.193.55.117
73,Sharline,Smallbone,ssmallbone20@thetimes.co.uk,44 Debs Circle,175.115.86.37
74,Isa,Janisson,ijanisson21@bluehost.com,2 7th Plaza,110.214.137.59
75,Dame,Henricsson,dhenricsson22@wikimedia.org,1591 Glacier Hill Plaza,108.102.0.64
76,Felicity,Pickworth,fpickworth23@about.me,98149 Vahlen Lane,243.43.91.154
77,Branden,O' Molan,bomolan24@mysql.com,3555 Reindahl Way,202.116.36.149
78,Jillana,Teffrey,jteffrey25@irs.gov,7866 Buhler Court,46.162.173.38
79,Percy,Popeley,ppopeley26@istockphoto.com,9183 Dryden Plaza,37.83.153.128
80,Carlin,Vankov,cvankov27@squarespace.com,0 Spaight Alley,46.8.112.253
81,Joseph,Etteridge,jetteridge28@state.tx.us,6256 Arkansas Way,198.227.149.104
82,Fredric,Yannikov,fyannikov29@comcast.net,278 Elgar Alley,25.69.34.218
83,Rice,Faiers,rfaiers2a@phpbb.com,4075 Acker Junction,72.64.74.11
84,Tobye,McKeighan,tmckeighan2b@telegraph.co.uk,21810 Melrose Trail,31.190.44.224
85,Amy,Semiraz,asemiraz2c@paginegialle.it,789 Towne Drive,247.21.58.168
86,Penn,Heminsley,pheminsley2d@webs.com,343 Tomscot Plaza,217.189.57.234
87,Jud,Gumary,jgumary2e@tinyurl.com,177 Oakridge Alley,221.1.160.216
88,Audie,Gaynesford,agaynesford2f@google.fr,9964 Packers Park,141.109.25.165
89,Conan,O'Shesnan,coshesnan2g@usnews.com,8950 Union Terrace,4.160.239.131
90,Gunther,Butson,gbutson2h@loc.gov,90 Moulton Lane,7.219.68.104
91,Quent,McFater,qmcfater2i@virginia.edu,7945 6th Point,139.239.216.92
92,Jeddy,Farran,jfarran2j@newsvine.com,10385 Longview Lane,6.18.185.178
93,Robinette,Paeckmeyer,rpaeckmeyer2k@liveinternet.ru,87 Birchwood Pass,208.102.93.72
94,Adela,Cejka,acejka2l@nps.gov,907 Village Lane,200.241.81.49
95,Wang,Parkman,wparkman2m@ycombinator.com,813 Birchwood Center,215.54.158.36
96,Velma,Corbould,vcorbould2n@redcross.org,98 Hollow Ridge Trail,160.160.237.39
97,Phil,Wadham,pwadham2o@cargocollective.com,10 Northport Road,162.190.48.18
98,Immanuel,Fielder,ifielder2p@ucoz.com,39 Armistice Court,177.211.238.98
99,Joseito,Philpot,jphilpot2q@arizona.edu,202 Kings Park,165.28.243.180
100,Harlin,Sustin,hsustin2r@cornell.edu,7115 Tony Point,228.205.232.85
101,Kikelia,Mulholland,kmulholland2s@github.com,119 Sachtjen Parkway,89.240.4.128
102,Dannie,Flohard,dflohard2t@squarespace.com,974 Nova Center,170.4.253.3
103,Genni,Smalridge,gsmalridge2u@timesonline.co.uk,544 Swallow Place,108.35.198.81
104,Tessi,Lamcken,tlamcken2v@meetup.com,475 Mariners Cove Crossing,74.210.147.229
105,Farley,Turfitt,fturfitt2w@fastcompany.com,095 Village Alley,246.152.225.41
106,Linn,Leeburne,lleeburne2x@forbes.com,8 Holy Cross Court,174.52.30.237
107,Shandeigh,Eyckelbeck,seyckelbeck2y@opensource.org,06195 Bartelt Trail,172.197.155.223
108,Auberon,Olenichev,aolenichev2z@imgur.com,6 Stephen Crossing,72.102.127.250
109,Moishe,Ferson,mferson30@intel.com,136 Dryden Drive,111.90.180.188
110,Deck,Raddan,draddan31@nifty.com,27 Kinsman Avenue,88.98.39.192
111,Deloris,Drynan,ddrynan32@google.com.br,04568 Hallows Drive,243.246.238.217
112,Ewan,Hoggan,ehoggan33@edublogs.org,589 Ludington Hill,205.187.155.218
113,Stefania,Pound,spound34@tumblr.com,52430 Heffernan Alley,119.118.230.164
114,Alana,Plinck,aplinck35@meetup.com,754 Manufacturers Road,171.19.249.90
115,Sheffield,Spadazzi,sspadazzi36@adobe.com,20798 Fulton Road,5.71.208.198
116,Billi,Matous,bmatous37@sourceforge.net,7 Towne Center,34.225.64.3
117,Cordy,Dorr,cdorr38@google.com.br,28468 Thierer Center,143.58.38.152
118,Deerdre,Barabisch,dbarabisch39@ycombinator.com,617 Forest Road,212.83.105.124
119,Vanny,Allnatt,vallnatt3a@loc.gov,275 Blaine Parkway,26.119.69.139
120,Michale,Somerset,msomerset3b@skype.com,4 Southridge Trail,96.154.91.149
121,Lesli,Lacotte,llacotte3c@1und1.de,780 Transport Pass,128.31.187.148
122,Terence,Renshaw,trenshaw3d@guardian.co.uk,504 Jana Avenue,207.20.147.121
123,Clemmy,Sebring,csebring3e@360.cn,44212 Sage Terrace,96.198.62.83
124,Charo,Newall,cnewall3f@businessweek.com,862 American Ash Street,238.62.131.212
125,Talia,Warsap,twarsap3g@vk.com,33119 Delaware Place,190.184.136.240
126,Shamus,Finan,sfinan3h@nih.gov,62 Wayridge Circle,92.49.80.218
127,Niccolo,Snodden,nsnodden3i@altervista.org,5774 Service Lane,122.174.190.246
128,Jess,Phettis,jphettis3j@bluehost.com,2901 Stone Corner Center,4.178.122.222
129,Margot,Mullaney,mmullaney3k@noaa.gov,374 Bunting Pass,79.132.222.12
130,Maire,Barwise,mbarwise3l@example.com,8488 Milwaukee Parkway,88.28.152.143
131,Eyde,Prowse,eprowse3m@hc360.com,76000 Eastlawn Terrace,20.166.79.195
132,Zuzana,Widd,zwidd3n@amazon.com,7595 Hansons Point,2.82.167.155
133,Rubina,Swatton,rswatton3o@flickr.com,52 Bunting Street,42.23.7.6
134,Jacki,Penzer,jpenzer3p@engadget.com,6 Swallow Plaza,111.245.132.34
135,Pauly,Livett,plivett3q@reuters.com,866 5th Drive,108.106.79.166
136,Kristyn,Sumner,ksumner3r@zdnet.com,349 Arapahoe Hill,171.59.228.154
137,Hildegarde,Royden,hroyden3s@ebay.com,71453 Mesta Alley,249.83.106.202
138,Beverlee,Boothebie,bboothebie3t@shutterfly.com,52 Warbler Park,193.215.81.124
139,Reggis,Woollends,rwoollends3u@youtu.be,31846 Esker Terrace,238.36.64.174
140,Gertrud,Scimone,gscimone3v@biblegateway.com,129 Vermont Hill,69.168.44.42
141,Hortensia,Welbrock,hwelbrock3w@hao123.com,0 Grasskamp Center,47.146.14.227
142,Verile,Parkman,vparkman3x@jalbum.net,768 Quincy Street,75.176.14.124
143,Aindrea,Vecard,avecard3y@google.com.hk,17440 Messerschmidt Crossing,104.92.15.177
144,Tobiah,Muckloe,tmuckloe3z@newyorker.com,72416 Thackeray Avenue,166.101.252.196
145,Rosabelle,Kift,rkift40@weather.com,2509 Dawn Place,194.142.97.87
146,Nevins,Tremonte,ntremonte41@dropbox.com,9520 Porter Pass,108.149.242.32
147,Reinaldo,McIlmurray,rmcilmurray42@zdnet.com,672 Nancy Junction,117.3.83.21
148,Pierette,Mulderrig,pmulderrig43@weebly.com,37713 Prairieview Parkway,10.58.227.215
149,Zack,Sauvage,zsauvage44@biblegateway.com,99 Ohio Terrace,193.219.83.25
150,Rea,Chaffey,rchaffey45@360.cn,6 Westerfield Place,91.66.154.217
151,Jeddy,Ravenshaw,jravenshaw46@1688.com,6821 Russell Trail,10.73.161.78
152,Artie,Dunge,adunge47@nature.com,7 Melody Park,68.95.210.139
153,Marc,Withur,mwithur48@nature.com,7 Russell Trail,93.236.217.208
154,Eudora,St Clair,estclair49@ebay.com,7 Lakewood Gardens Court,161.31.89.217
155,Debbie,Greenhead,dgreenhead4a@ftc.gov,14 8th Pass,83.239.135.2
156,Rivalee,Isaksson,risaksson4b@hugedomains.com,14 American Terrace,185.72.220.125
157,Finlay,Butting,fbutting4c@studiopress.com,10 Longview Court,194.170.145.135
158,Wiley,Coatts,wcoatts4d@prlog.org,1 Basil Circle,73.126.65.49
159,Burl,Laughnan,blaughnan4e@list-manage.com,823 Bluestem Court,115.209.170.42
160,Jermaine,Bambury,jbambury4f@google.cn,82 Browning Center,42.61.147.81
161,Hillel,Tottie,htottie4g@last.fm,93581 Scofield Terrace,97.35.51.153
162,Cathi,Bramwell,cbramwell4h@dailymotion.com,90055 Ridgeway Hill,129.231.57.82
163,Nerta,Gallifont,ngallifont4i@google.ru,7 Heffernan Way,22.208.48.29
164,Egon,Crole,ecrole4j@a8.net,4 Maryland Terrace,187.187.161.85
165,Rosemarie,Bemrose,rbemrose4k@guardian.co.uk,6553 Quincy Center,198.205.16.193
166,Kylynn,Shuttle,kshuttle4l@drupal.org,10 Texas Alley,125.105.239.234
167,Barney,Filppetti,bfilppetti4m@china.com.cn,61855 Esch Pass,52.233.83.164
168,Harriett,Hruska,hhruska4n@networkadvertising.org,73989 Declaration Alley,184.209.129.177
169,Roderich,Murfill,rmurfill4o@simplemachines.org,1 Arizona Plaza,29.188.13.43
170,Antone,Cohan,acohan4p@plala.or.jp,484 Grim Court,34.39.193.84
171,Bibbye,Brunsden,bbrunsden4q@yolasite.com,6 Manitowish Street,114.240.199.44
172,Kaitlin,Juggins,kjuggins4r@hibu.com,45536 American Place,115.216.192.186
173,Townsend,Brownhill,tbrownhill4s@devhub.com,391 Red Cloud Hill,40.109.119.226
174,Parry,Ghelardi,pghelardi4t@mit.edu,8000 Sunfield Junction,181.122.231.56
175,Chrystel,Scarlon,cscarlon4u@ning.com,53 Birchwood Junction,197.247.93.172
176,Jania,Maplestone,jmaplestone4v@upenn.edu,37 Harper Place,104.117.154.0
177,Torrance,Garlett,tgarlett4w@eventbrite.com,99906 Judy Plaza,38.169.37.163
178,Bride,Olphert,bolphert4x@about.me,743 Mcbride Court,250.215.144.87
179,Emera,McGettrick,emcgettrick4y@usgs.gov,86 John Wall Street,76.30.218.155
180,Alister,Fireman,afireman4z@123-reg.co.uk,438 Buell Alley,248.185.19.193
181,Horatia,Bellerby,hbellerby50@google.fr,12 Muir Circle,34.3.93.62
182,Margarette,Piddlesden,mpiddlesden51@java.com,4 Fuller Alley,173.1.84.43
183,Baxy,Croxall,bcroxall52@purevolume.com,83946 Brickson Park Court,169.145.129.237
184,Elbertine,Bignall,ebignall53@sciencedaily.com,717 Miller Way,134.29.119.102
185,Fara,Works,fworks54@ca.gov,18776 Maryland Alley,154.26.40.115
186,Jason,Pesak,jpesak55@rambler.ru,773 Summer Ridge Way,76.144.140.208
187,Robby,Pluvier,rpluvier56@cam.ac.uk,3 Dovetail Parkway,128.97.151.24
188,Cordell,Gaish,cgaish57@shop-pro.jp,888 Derek Crossing,43.215.211.146
189,Al,Rysom,arysom58@wordpress.org,7373 Straubel Alley,147.168.115.95
190,Decca,Schleicher,dschleicher59@chron.com,3 Granby Point,48.22.112.107
191,Bride,Fosserd,bfosserd5a@facebook.com,45184 Shelley Court,238.50.109.41
192,Rik,Bonnyson,rbonnyson5b@drupal.org,9 Tony Center,235.18.188.30
193,Maris,McCromley,mmccromley5c@histats.com,3290 Sunbrook Alley,91.18.12.230
194,Leeland,Peotz,lpeotz5d@hugedomains.com,04 Memorial Trail,228.77.36.206
195,Ileane,Prosek,iprosek5e@ucoz.com,8 Kedzie Road,135.214.184.66
196,Alasdair,Ivanenko,aivanenko5f@dedecms.com,2901 Spaight Hill,145.116.160.59
197,Diahann,Wivell,dwivell5g@dedecms.com,13952 Pine View Street,155.103.30.241
198,Federico,Skeats,fskeats5h@goo.ne.jp,1214 Harbort Terrace,182.43.254.23
199,Mindy,Gaspard,mgaspard5i@hibu.com,2 Hooker Hill,160.197.107.70
200,Claribel,Duckham,cduckham5j@usnews.com,632 Darwin Road,12.33.246.218
201,Caroline,Andrault,candrault5k@ucla.edu,2 Oakridge Trail,247.44.43.219
202,Brewer,Parsonson,bparsonson5l@163.com,5192 Dovetail Point,213.14.73.64
203,Suzann,Holtum,sholtum5m@ftc.gov,8277 Raven Terrace,140.116.236.35
204,Tandie,Harron,tharron5n@narod.ru,1726 Bashford Lane,223.29.234.109
205,Doroteya,Zoephel,dzoephel5o@jalbum.net,638 Merry Parkway,16.138.247.78
206,Michel,Wilbor,mwilbor5p@imageshack.us,6760 Village Green Avenue,95.17.66.26
207,Nichol,Smitherham,nsmitherham5q@businessweek.com,66 Troy Circle,103.112.250.233
208,Rahal,Valintine,rvalintine5r@ycombinator.com,71304 Waubesa Trail,44.43.189.180
209,Erwin,Kenneway,ekenneway5s@facebook.com,52765 Shelley Pass,109.66.81.235
210,Fancy,McCurtain,fmccurtain5t@admin.ch,76 Manufacturers Parkway,99.172.29.113
211,Oswell,Luckman,oluckman5u@berkeley.edu,9289 Moose Drive,190.171.150.174
212,Cinderella,Escritt,cescritt5v@4shared.com,7 Lien Hill,25.240.196.115
213,Delmor,Hourihane,dhourihane5w@skyrock.com,1 Beilfuss Court,21.130.222.227
214,Helenelizabeth,Twinborough,htwinborough5x@patch.com,80 Oakridge Point,20.6.174.111
215,Eduino,McAneny,emcaneny5y@behance.net,76617 Buena Vista Pass,197.80.66.60
216,Kin,D'Aguanno,kdaguanno5z@google.de,514 Manitowish Place,157.127.203.15
217,Danna,Benazet,dbenazet60@techcrunch.com,0235 Kings Place,192.203.68.203
218,Adelina,Chesterton,achesterton61@unblog.fr,55835 Barby Junction,207.180.18.23
219,Caro,Bannerman,cbannerman62@ifeng.com,09496 Stoughton Parkway,56.136.101.217
220,Law,Henderson,lhenderson63@gizmodo.com,521 Amoth Place,47.203.127.166
221,Esta,Pumphrey,epumphrey64@wsj.com,80549 Roxbury Trail,248.110.108.201
222,Mella,Bierling,mbierling65@tmall.com,3862 Grim Street,123.143.208.228
223,Doll,Pollie,dpollie66@mit.edu,473 Kings Avenue,83.110.49.61
224,Dolf,Dunklee,ddunklee67@gizmodo.com,368 Ryan Trail,247.123.9.241
225,Helene,Kearle,hkearle68@imdb.com,22 Ridge Oak Pass,207.251.125.140
226,Morley,Soars,msoars69@msn.com,3386 Melvin Way,73.6.209.3
227,Woodrow,Southall,wsouthall6a@myspace.com,54 Ohio Circle,88.76.158.92
228,Emile,Allan,eallan6b@about.me,414 Daystar Park,88.122.235.156
229,Dory,Buckby,dbuckby6c@blog.com,63 Bowman Park,81.181.216.113
230,Cosimo,Aneley,caneley6d@hubpages.com,9887 New Castle Avenue,39.201.96.117
231,Rodge,Soonhouse,rsoonhouse6e@utexas.edu,142 Sunbrook Avenue,88.127.151.129
232,Ann-marie,Pittaway,apittaway6f@weebly.com,10323 Kennedy Avenue,84.118.162.47
233,Willabella,Freake,wfreake6g@cbc.ca,01278 Ramsey Court,65.214.154.179
234,Ashely,Wimbridge,awimbridge6h@4shared.com,818 Butterfield Trail,248.50.203.158
235,Richmond,Colnett,rcolnett6i@artisteer.com,9776 Atwood Court,43.184.246.100
236,Carey,Yair,cyair6j@senate.gov,536 Daystar Center,241.167.217.122
237,Douglass,Wardingly,dwardingly6k@aboutads.info,1436 Warbler Point,87.79.71.55
238,Gayle,Hairesnape,ghairesnape6l@oakley.com,477 Vahlen Alley,58.145.103.208
239,Ava,Scholtz,ascholtz6m@comcast.net,2 Porter Point,159.134.50.39
240,Cordy,Faill,cfaill6n@aboutads.info,12720 Cambridge Court,176.239.44.208
241,Ardeen,Coope,acoope6o@wired.com,1284 Sugar Point,186.59.41.211
242,Kippy,Luckham,kluckham6p@sciencedaily.com,932 Cascade Circle,251.152.156.86
243,Anya,Laneham,alaneham6q@nba.com,01983 Monica Avenue,127.61.225.17
244,Kalindi,Farndale,kfarndale6r@comsenz.com,240 Fairfield Terrace,135.30.16.206
245,Thorvald,De Pero,tdepero6s@usatoday.com,31066 Independence Center,40.193.169.173
246,Skylar,Beeres,sbeeres6t@wisc.edu,4976 Namekagon Alley,57.245.169.25
247,Gwenette,McCague,gmccague6u@wix.com,669 Mcbride Trail,243.233.230.55
248,Putnam,Kira,pkira6v@japanpost.jp,821 Goodland Lane,130.156.162.6
249,Katerina,Paddemore,kpaddemore6w@blinklist.com,61 Kingsford Court,147.13.33.117
250,Zulema,Bogart,zbogart6x@prweb.com,080 Ryan Road,102.66.198.17
251,Guinna,Dayley,gdayley6y@reverbnation.com,8224 Chive Way,183.48.40.90
252,Rhodia,Slight,rslight6z@photobucket.com,569 Meadow Ridge Crossing,49.140.89.84
253,Revkah,Coupe,rcoupe70@so-net.ne.jp,14456 Holy Cross Alley,64.205.34.202
254,Zak,Turfs,zturfs71@sun.com,101 Hoffman Alley,37.21.239.228
255,Karee,Malacrida,kmalacrida72@joomla.org,38380 New Castle Point,169.27.6.177
256,Tremaine,Littleton,tlittleton73@surveymonkey.com,8491 Rieder Pass,158.138.28.73
257,Bidget,Rosling,brosling74@angelfire.com,968 Moland Avenue,63.25.132.137
258,Kylen,Marriage,kmarriage75@bigcartel.com,1 Sunnyside Alley,149.8.45.101
259,Gerrilee,Scowen,gscowen76@photobucket.com,79980 Bartillon Avenue,19.88.31.172
260,Berti,Partener,bpartener77@oakley.com,2 Surrey Avenue,173.180.41.174
261,Irvin,Davidde,idavidde78@theglobeandmail.com,89 Hoard Avenue,153.231.156.229
262,Silvana,Gilliatt,sgilliatt79@nationalgeographic.com,809 Kropf Circle,7.93.66.10
263,Lian,Garfield,lgarfield7a@arizona.edu,5 Arkansas Park,35.89.213.175
264,Yasmin,Dauby,ydauby7b@google.com.au,84460 Green Place,52.236.7.185
265,Joe,Burdfield,jburdfield7c@google.ca,5657 Mallory Drive,147.81.174.155
266,Elspeth,Pruvost,epruvost7d@nps.gov,96707 Veith Terrace,247.42.49.245
267,Salem,Netti,snetti7e@odnoklassniki.ru,026 Vidon Alley,179.254.247.49
268,Koressa,Todaro,ktodaro7f@bandcamp.com,4 Warner Pass,72.48.184.67
269,Rosemary,Nisuis,rnisuis7g@biblegateway.com,06 Chinook Terrace,147.218.0.207
270,Jandy,Bliven,jbliven7h@aol.com,64 Eagle Crest Pass,112.192.165.203
271,Celine,Angelo,cangelo7i@mlb.com,09 Cody Place,24.141.140.180
272,Ira,MacCague,imaccague7j@opera.com,12 Reinke Way,182.25.139.124
273,Rhody,Mathewes,rmathewes7k@mozilla.com,189 Mifflin Point,247.119.27.41
274,Abrahan,Bastin,abastin7l@gmpg.org,342 Bay Court,186.203.23.4
275,Kira,McCosker,kmccosker7m@boston.com,51533 Maple Wood Street,42.154.176.38
276,Melly,Bramham,mbramham7n@mail.ru,9 Fisk Parkway,98.167.77.158
277,Kelcy,Halford,khalford7o@google.pl,3867 Novick Pass,142.74.210.86
278,Briant,Cassius,bcassius7p@buzzfeed.com,79291 Elgar Center,179.116.113.242
279,Erena,Gillbee,egillbee7q@opera.com,6 Everett Junction,177.220.197.112
280,Mellisa,McGauhy,mmcgauhy7r@engadget.com,79 Eastwood Court,218.173.229.28
281,Batsheva,Yonnie,byonnie7s@ustream.tv,62729 Independence Trail,98.170.68.83
282,Melamie,Tixier,mtixier7t@hhs.gov,6 Hudson Way,132.228.225.116
283,Harp,Callendar,hcallendar7u@fotki.com,602 Ludington Crossing,7.245.93.240
284,Jerome,Farrent,jfarrent7v@admin.ch,7 Golf Junction,245.193.84.97
285,Maximo,Friman,mfriman7w@facebook.com,7 Fuller Lane,246.91.141.11
286,Colly,Louiset,clouiset7x@dailymail.co.uk,9366 Clove Hill,113.216.114.13
287,Isador,Cullagh,icullagh7y@istockphoto.com,2 Johnson Plaza,38.115.255.180
288,Sherri,Petracchi,spetracchi7z@scientificamerican.com,92960 Kings Circle,227.207.51.222
289,Anet,McKinless,amckinless80@dedecms.com,32 Meadow Ridge Lane,88.237.198.204
290,Clarinda,Carss,ccarss81@princeton.edu,48 Homewood Lane,9.215.102.127
291,Rich,Stanistreet,rstanistreet82@sciencedirect.com,38 Packers Center,191.105.106.209
292,Brandtr,Hardes,bhardes83@imageshack.us,95 Schmedeman Plaza,242.224.223.144
293,Quent,Caltun,qcaltun84@ow.ly,149 Southridge Crossing,11.208.208.79
294,Guinevere,Lambswood,glambswood85@cdbaby.com,119 Anthes Road,0.228.218.104
295,Dyana,Gozzett,dgozzett86@theglobeandmail.com,4 Knutson Avenue,245.125.160.219
296,Elena,Humpherson,ehumpherson87@about.com,0 Oriole Lane,226.110.228.87
297,Mariya,Suckling,msuckling88@sciencedirect.com,47 Comanche Plaza,86.241.40.1
298,Franni,Kassidy,fkassidy89@yolasite.com,118 Sunfield Hill,68.2.194.89
299,Lelia,Bellworthy,lbellworthy8a@cornell.edu,606 Northport Center,249.82.116.238
300,Cori,Dinnage,cdinnage8b@histats.com,609 Shopko Crossing,239.41.47.28
301,Anet,Kedie,akedie8c@linkedin.com,60110 Daystar Point,133.53.103.100
302,Hayley,Dobsons,hdobsons8d@fotki.com,2 Stuart Court,58.43.52.252
303,Phillipp,Ruttgers,pruttgers8e@examiner.com,2780 Hazelcrest Crossing,168.252.106.208
304,Venita,Firebrace,vfirebrace8f@wordpress.org,6625 Harper Lane,16.167.89.82
305,Drusi,Waldren,dwaldren8g@e-recht24.de,65 Shelley Avenue,47.39.90.53
306,Maryann,Tingey,mtingey8h@nsw.gov.au,5 Dorton Hill,149.237.47.236
307,Sybil,Sibly,ssibly8i@delicious.com,178 Loeprich Drive,123.242.89.54
308,Brandtr,Cregan,bcregan8j@chicagotribune.com,610 Logan Court,179.125.239.7
309,Shandeigh,Chestnutt,schestnutt8k@arstechnica.com,83782 Harbort Way,4.15.151.32
310,Zena,Iremonger,ziremonger8l@google.com.br,31465 Tomscot Hill,101.21.35.20
311,Mortie,Tiffin,mtiffin8m@delicious.com,987 Kennedy Way,105.120.95.240
312,Nicholas,Briatt,nbriatt8n@vimeo.com,10 Veith Pass,65.223.199.255
313,Shirleen,Adnett,sadnett8o@creativecommons.org,4 7th Street,228.37.202.236
314,Dierdre,Reinbeck,dreinbeck8p@4shared.com,32611 Brentwood Park,92.203.157.108
315,Lamont,Heinle,lheinle8q@gizmodo.com,78797 Fairview Center,72.192.24.200
316,Theobald,Gaunson,tgaunson8r@cnn.com,770 Hanson Court,204.246.5.119
317,Rani,Fitzmaurice,rfitzmaurice8s@tamu.edu,45216 Hanover Alley,200.221.207.78
318,Celia,Kinder,ckinder8t@guardian.co.uk,11473 Longview Center,155.107.99.223
319,Hewitt,Bohler,hbohler8u@gov.uk,581 Union Way,119.228.168.128
320,Chic,Siemon,csiemon8v@netvibes.com,70401 Sage Center,95.187.216.128
321,Lilia,Beccera,lbeccera8w@ow.ly,574 Corben Street,114.198.83.26
322,Melina,Spellard,mspellard8x@reference.com,07659 Schlimgen Court,44.216.189.232
323,Antony,Saffon,asaffon8y@bing.com,5500 Stoughton Crossing,1.170.80.190
324,Burnaby,Riggulsford,briggulsford8z@canalblog.com,53207 Pierstorff Place,122.66.209.51
325,Barnebas,Jorck,bjorck90@rambler.ru,2 Dennis Plaza,142.209.252.121
326,Antonietta,Handover,ahandover91@virginia.edu,72030 Victoria Pass,222.36.39.58
327,Kasper,Pipkin,kpipkin92@slate.com,9063 1st Place,157.227.42.25
328,Dani,Willoughby,dwilloughby93@sfgate.com,44452 Packers Trail,42.20.148.180
329,Harley,Low,hlow94@wikispaces.com,28 Glacier Hill Way,9.234.223.105
330,Kerrill,Baggett,kbaggett95@slideshare.net,870 Raven Circle,135.126.175.239
331,Cristabel,McPike,cmcpike96@123-reg.co.uk,7 Fulton Court,63.60.34.50
332,Rockwell,Nesby,rnesby97@google.ca,8 Morrow Court,5.180.142.158
333,Noel,Lassen,nlassen98@miitbeian.gov.cn,7 Grover Circle,209.34.166.131
334,Sherrie,Gow,sgow99@nsw.gov.au,094 Farmco Avenue,9.28.13.90
335,Arabela,Meggison,ameggison9a@usda.gov,35651 Stang Place,236.173.148.120
336,Agustin,Alexsandrowicz,aalexsandrowicz9b@engadget.com,790 North Pass,31.88.109.201
337,Theressa,Crafter,tcrafter9c@jugem.jp,80 Del Sol Pass,3.222.249.35
338,Grissel,Bielby,gbielby9d@phpbb.com,16395 Monument Way,159.115.214.175
339,Orland,Corse,ocorse9e@ftc.gov,64831 Gerald Way,106.85.125.251
340,Norma,Glisane,nglisane9f@washington.edu,67 Acker Parkway,196.34.123.155
341,Ansley,Gavin,agavin9g@chronoengine.com,48012 Longview Pass,189.154.133.93
342,Roch,Matchell,rmatchell9h@cyberchimps.com,210 Buell Trail,151.122.123.240
343,Lem,Elwell,lelwell9i@github.io,7 Jay Trail,63.45.104.48
344,Norina,Macci,nmacci9j@scientificamerican.com,9 Granby Point,62.103.139.154
345,Alisha,Lippitt,alippitt9k@nbcnews.com,37335 Mifflin Trail,157.17.170.147
346,Jae,Redmille,jredmille9l@github.io,3790 Twin Pines Lane,153.205.49.238
347,Loren,Basketter,lbasketter9m@harvard.edu,3 Washington Place,211.77.22.95
348,Alick,Connell,aconnell9n@google.com,6726 Sherman Road,188.233.132.238
349,Nathan,Dewick,ndewick9o@icio.us,511 Mendota Pass,117.88.223.116
350,Brunhilda,Twelftree,btwelftree9p@jiathis.com,23453 Rieder Hill,75.70.108.30
351,Emmett,Sussams,esussams9q@elpais.com,88185 Loomis Drive,48.127.187.102
352,Julieta,McNevin,jmcnevin9r@goo.ne.jp,99212 Riverside Point,112.12.29.112
353,Kathi,Hamber,khamber9s@squidoo.com,6569 Meadow Valley Junction,238.22.222.182
354,Winny,Sherebrook,wsherebrook9t@opera.com,990 Moland Center,44.109.67.221
355,Kacy,Otridge,kotridge9u@pcworld.com,53 La Follette Place,47.68.246.209
356,Cilka,Ketts,cketts9v@amazon.com,2 Summit Terrace,228.74.108.75
357,Gorden,Mehaffey,gmehaffey9w@phpbb.com,6 Mallory Terrace,102.40.103.146
358,Kelbee,Grimble,kgrimble9x@zimbio.com,8943 Waxwing Road,73.191.128.37
359,Berke,Landis,blandis9y@webnode.com,4 Graedel Terrace,29.236.67.73
360,Kelby,Attwoul,kattwoul9z@go.com,0 Shoshone Crossing,223.108.225.192
361,Desdemona,Swepson,dswepsona0@epa.gov,431 Roxbury Way,169.89.1.13
362,Gaylord,Bonnier,gbonniera1@zimbio.com,76084 Elmside Junction,126.209.147.121
363,Tobe,Zorener,tzorenera2@biglobe.ne.jp,0 Vera Place,155.155.105.109
364,Mia,Roff,mroffa3@ucla.edu,76000 Corscot Hill,22.239.188.249
365,Letitia,Freda,lfredaa4@feedburner.com,30284 Glacier Hill Trail,63.249.66.70
366,Leda,Rogez,lrogeza5@twitpic.com,6658 Bay Hill,199.140.160.221
367,Anatole,Ibbotson,aibbotsona6@pinterest.com,36241 Hauk Center,194.163.87.44
368,Trenna,Carswell,tcarswella7@blogtalkradio.com,5 Kipling Road,15.165.126.29
369,Krissy,Jarvie,kjarviea8@lycos.com,27 West Lane,178.132.235.19
370,Colin,Buckthorpe,cbuckthorpea9@mayoclinic.com,28 Oneill Road,172.228.228.77
371,Wade,Huikerby,whuikerbyaa@yellowbook.com,8 Fieldstone Point,182.37.60.182
372,Berna,Spedding,bspeddingab@reddit.com,4460 Pearson Terrace,115.171.147.168
373,Brenden,Worthington,bworthingtonac@dedecms.com,3012 Lunder Pass,169.182.14.90
374,Athena,Fisby,afisbyad@homestead.com,38 Loftsgordon Junction,141.164.88.120
375,Calv,McOmish,cmcomishae@webs.com,768 Nelson Street,86.61.174.142
376,Susann,Laval,slavalaf@skyrock.com,7110 Little Fleur Hill,93.20.210.92
377,Gale,McPaik,gmcpaikag@reverbnation.com,0 Blaine Street,109.131.154.67
378,Ginny,Chicco,gchiccoah@about.me,4589 Dakota Junction,109.252.103.2
379,Corey,Errichi,cerrichiai@biblegateway.com,6566 Hovde Alley,188.74.13.114
380,Augustin,Belshaw,abelshawaj@naver.com,41 Scott Way,86.205.117.152
381,Marsiella,Bumford,mbumfordak@cargocollective.com,65 Northridge Plaza,164.107.6.58
382,Egan,Ewell,eewellal@yolasite.com,313 Hauk Road,74.162.24.76
383,Aurelia,Abelov,aabelovam@noaa.gov,86 Maple Wood Crossing,97.42.40.39
384,Nichol,Berney,nberneyan@cisco.com,01674 Brickson Park Lane,133.254.29.68
385,Iorgos,McKeveney,imckeveneyao@arstechnica.com,9136 Swallow Parkway,83.183.165.66
386,Correy,Paddington,cpaddingtonap@google.co.jp,19 Talisman Place,180.205.18.112
387,Karalynn,Kingett,kkingettaq@blogtalkradio.com,95 Monterey Point,15.15.15.67
388,Siffre,Twining,stwiningar@cdbaby.com,701 Kedzie Junction,25.72.202.33
389,Neil,Warde,nwardeas@de.vu,8 Pleasure Place,185.88.81.121
390,Dannie,Foot,dfootat@cafepress.com,84 Killdeer Crossing,141.211.88.187
391,Laurent,Burk,lburkau@webmd.com,7 Atwood Trail,119.53.68.231
392,Millicent,Burgill,mburgillav@wikipedia.org,61101 Anhalt Terrace,102.194.74.200
393,Yoko,Rosenshine,yrosenshineaw@ow.ly,41 Carberry Center,62.232.149.75
394,Patrizia,Jewiss,pjewissax@prweb.com,3420 Jana Court,231.73.202.200
395,Nevins,Vahl,nvahlay@liveinternet.ru,4267 Swallow Point,97.32.244.213
396,Kore,McCloud,kmccloudaz@angelfire.com,4 Eastwood Road,187.120.0.203
397,Barbi,Skurray,bskurrayb0@hexun.com,67 Twin Pines Drive,114.175.135.230
398,Kettie,MacCarter,kmaccarterb1@examiner.com,9 Kenwood Crossing,137.167.147.242
399,Sonya,Orteu,sorteub2@kickstarter.com,49 Lakewood Lane,131.249.46.138
400,Frederico,Dikelin,fdikelinb3@archive.org,693 Hooker Alley,106.12.98.106
401,Chad,Ravenscroft,cravenscroftb4@accuweather.com,27702 Atwood Street,201.85.205.180
402,Norman,Pashen,npashenb5@fastcompany.com,13418 Fallview Drive,112.161.90.209
403,Ozzy,Smooth,osmoothb6@house.gov,82984 Glendale Circle,202.16.3.125
404,Cornie,Grieveson,cgrievesonb7@furl.net,1875 Schmedeman Way,84.137.157.121
405,Faith,Purse,fpurseb8@rediff.com,3 Superior Street,169.116.163.0
406,Andrea,Gallico,agallicob9@google.com.br,51 Sachs Place,89.170.226.213
407,Kaitlin,Jahnel,kjahnelba@yellowbook.com,68 John Wall Trail,160.108.119.199
408,Lauryn,Ravilious,lraviliousbb@e-recht24.de,534 Pawling Hill,72.72.41.147
409,Delora,Goodrich,dgoodrichbc@nps.gov,19319 Moland Plaza,54.99.127.134
410,Lesley,Shreenan,lshreenanbd@ftc.gov,893 Bayside Court,172.113.181.195
411,Hinda,Dearnaley,hdearnaleybe@bigcartel.com,9110 Kingsford Drive,198.100.5.151
412,Lew,Wicken,lwickenbf@icq.com,1 Crowley Alley,188.144.14.200
413,Jock,Vatcher,jvatcherbg@ask.com,07185 Scoville Road,203.205.72.132
414,Trix,Beininck,tbeininckbh@icq.com,9 Everett Hill,90.237.181.153
415,Carena,Chantler,cchantlerbi@house.gov,51 Donald Plaza,16.18.60.211
416,Paddy,Katte,pkattebj@mail.ru,45 Paget Center,178.190.137.241
417,Morton,Teffrey,mteffreybk@cnn.com,59718 Pearson Lane,170.116.64.121
418,Brinn,Rushmer,brushmerbl@chicagotribune.com,1306 Wayridge Park,233.23.206.76
419,Wyndham,Bagster,wbagsterbm@cloudflare.com,8 Morningstar Road,207.215.88.47
420,Doralyn,Whelband,dwhelbandbn@harvard.edu,920 Clove Plaza,198.103.69.154
421,Cordy,Mincini,cmincinibo@boston.com,21 Linden Hill,0.50.234.83
422,Gerek,Rackley,grackleybp@washingtonpost.com,4 Hollow Ridge Plaza,102.71.242.6
423,Genny,Duker,gdukerbq@hud.gov,1846 2nd Circle,72.47.54.20
424,Nolie,Risley,nrisleybr@theglobeandmail.com,39042 Manitowish Park,192.112.106.86
425,Roseanna,Bisseker,rbissekerbs@indiegogo.com,44460 Fair Oaks Street,184.248.85.73
426,Lura,Brouncker,lbrounckerbt@over-blog.com,93 Lindbergh Parkway,23.200.104.164
427,Cindelyn,McTrustrie,cmctrustriebu@oracle.com,4244 Dexter Drive,188.18.239.220
428,Myer,McQueen,mmcqueenbv@tuttocitta.it,85 Havey Parkway,0.100.6.178
429,Amerigo,Ugoni,augonibw@umn.edu,45849 Kinsman Park,169.80.164.218
430,Auroora,Vanner,avannerbx@discovery.com,76 Washington Plaza,36.123.51.157
431,Francene,Grandin,fgrandinby@hatena.ne.jp,3 Graceland Avenue,254.227.178.32
432,Cathryn,Street,cstreetbz@businesswire.com,22025 Bonner Drive,163.190.35.108
433,Chryste,Hares,charesc0@privacy.gov.au,36 Little Fleur Circle,16.34.79.114
434,Gretna,Kenward,gkenwardc1@joomla.org,56088 Tennessee Drive,45.181.192.66
435,Ginnifer,Mcimmie,gmcimmiec2@photobucket.com,1079 Melvin Way,210.197.34.136
436,Kristofer,Offen,koffenc3@eventbrite.com,74 Corben Junction,50.9.186.127
437,Damiano,Pentland,dpentlandc4@ibm.com,18 Westerfield Road,3.165.100.245
438,Reuven,Domerc,rdomercc5@pagesperso-orange.fr,9428 Lakewood Gardens Plaza,143.149.166.217
439,Tannie,Rappoport,trappoportc6@mapy.cz,090 East Road,100.75.191.96
440,Miran,Hulett,mhulettc7@netlog.com,4 Rusk Circle,18.225.224.249
441,Alexine,Barkas,abarkasc8@furl.net,34 Reindahl Terrace,196.51.30.66
442,Maisie,Logie,mlogiec9@jugem.jp,1 Duke Avenue,113.70.148.37
443,Brigg,Newnham,bnewnhamca@shinystat.com,53 Annamark Way,60.112.251.72
444,Vilhelmina,Bonnier,vbonniercb@biblegateway.com,9 South Park,211.233.85.70
445,Griswold,Crawley,gcrawleycc@google.it,15698 Rutledge Park,217.134.118.224
446,Jyoti,Grim,jgrimcd@mac.com,37 Dorton Lane,101.99.13.236
447,Bone,Cornill,bcornillce@usgs.gov,49081 Wayridge Circle,140.46.75.197
448,Brian,Face,bfacecf@ca.gov,4 Jenna Alley,220.96.119.244
449,Royce,Henrion,rhenrioncg@arstechnica.com,92 Elgar Place,254.106.198.194
450,Lurline,Gidney,lgidneych@ow.ly,6365 Browning Avenue,118.207.21.40
451,Elayne,Ambrosoni,eambrosonici@wisc.edu,419 Elmside Point,176.212.143.6
452,Jori,Rzehor,jrzehorcj@auda.org.au,8503 Scoville Point,214.235.201.244
453,Yale,Lynds,ylyndsck@smugmug.com,895 Kennedy Trail,217.23.128.100
454,Harvey,Jaskowicz,hjaskowiczcl@fc2.com,32 Daystar Pass,121.50.28.123
455,Jorie,Hamp,jhampcm@gnu.org,89863 Gerald Avenue,131.68.100.217
456,Clem,Turley,cturleycn@msu.edu,646 Eastlawn Way,190.125.149.61
457,Lari,Garlette,lgarletteco@uol.com.br,252 Stoughton Way,224.130.251.196
458,Reed,Hindmoor,rhindmoorcp@answers.com,9 Merry Circle,220.175.253.86
459,Lucas,Ayre,layrecq@51.la,62 John Wall Place,173.162.220.181
460,Carolyn,Jado,cjadocr@e-recht24.de,40 Anniversary Avenue,42.126.72.132
461,Arabel,Giraudo,agiraudocs@spotify.com,66 Dayton Pass,249.248.58.178
462,Bendix,Yerlett,byerlettct@about.com,22376 Homewood Junction,176.196.69.11
463,Muire,Huegett,mhuegettcu@cam.ac.uk,1 Briar Crest Terrace,223.55.153.254
464,Gladys,Hogbin,ghogbincv@biblegateway.com,141 Judy Pass,49.22.64.13
465,Ramon,Corradengo,rcorradengocw@dion.ne.jp,9854 Mallory Alley,224.122.132.131
466,Cynthie,Cuppitt,ccuppittcx@sogou.com,37 School Pass,167.216.108.128
467,Evangelin,Egle of Germany,eegleofgermanycy@upenn.edu,0013 Alpine Way,241.16.44.218
468,Neille,Crapper,ncrappercz@geocities.com,2420 Hansons Parkway,36.238.80.172
469,Tybie,Soots,tsootsd0@msn.com,20381 Kingsford Court,161.31.77.63
470,Nikolia,Grinin,ngrinind1@illinois.edu,31328 Blue Bill Park Pass,239.63.65.206
471,Blondie,Nathan,bnathand2@noaa.gov,94189 Bellgrove Terrace,9.132.34.211
472,Amanda,Cloney,acloneyd3@state.gov,0221 Dottie Terrace,207.189.191.23
473,Jaynell,Reinbach,jreinbachd4@angelfire.com,55 Crowley Junction,196.23.41.217
474,Viva,Walkley,vwalkleyd5@thetimes.co.uk,3 Westport Circle,155.167.82.250
475,Jehanna,Tomsen,jtomsend6@vkontakte.ru,12151 North Trail,88.211.204.181
476,Garrott,Starbucke,gstarbucked7@cargocollective.com,1 Hoffman Street,84.84.228.71
477,Kliment,Thormann,kthormannd8@archive.org,2700 South Place,48.250.183.34
478,Kacy,Fingleton,kfingletond9@issuu.com,633 Atwood Trail,24.66.197.117
479,Clarinda,Grunnell,cgrunnellda@shop-pro.jp,8584 Hayes Street,32.31.254.4
480,Jackquelin,Stollsteiner,jstollsteinerdb@fotki.com,10 Farwell Street,6.126.244.237
481,Idaline,Kobu,ikobudc@is.gd,6 Prentice Way,195.36.150.162
482,Sly,Lenz,slenzdd@chicagotribune.com,8072 Jana Road,236.10.205.14
483,Gardener,Mattheus,gmattheusde@odnoklassniki.ru,98 Stone Corner Circle,14.43.175.255
484,Dennie,Ivanenko,divanenkodf@goodreads.com,04674 Almo Hill,135.221.189.139
485,Rois,O' Meara,romearadg@arizona.edu,137 Corscot Hill,143.96.236.148
486,Heywood,Blaxton,hblaxtondh@webmd.com,2359 Jana Crossing,4.101.88.105
487,Franz,Battin,fbattindi@homestead.com,5 Ridgeview Road,202.196.223.241
488,Barby,Towner,btownerdj@hc360.com,816 Union Lane,129.149.200.5
489,Arleta,Clink,aclinkdk@sitemeter.com,8947 Dovetail Road,178.243.39.108
490,Krystyna,Craddock,kcraddockdl@cisco.com,4837 Mayer Street,0.249.204.153
491,Lelah,Scaddon,lscaddondm@utexas.edu,884 Manley Terrace,205.127.2.19
492,Angelle,Grout,agroutdn@virginia.edu,7 Elgar Point,201.238.161.142
493,Jolynn,Brockie,jbrockiedo@dell.com,0175 Sauthoff Drive,91.170.58.123
494,Rollie,Hugueville,rhuguevilledp@loc.gov,2 Darwin Park,180.28.80.241
495,Korney,Ranking,krankingdq@merriam-webster.com,7 Victoria Junction,204.250.52.6
496,Theresina,Haulkham,thaulkhamdr@comcast.net,6 Scofield Alley,105.128.150.187
497,Schuyler,Resun,sresunds@kickstarter.com,06747 Dixon Trail,90.130.35.154
498,Neala,Menghi,nmenghidt@stumbleupon.com,739 5th Junction,21.229.193.121
499,Klement,Sawfoot,ksawfootdu@comsenz.com,98 Morrow Terrace,107.16.132.141
500,Rowe,Goodnow,rgoodnowdv@dell.com,246 Anniversary Place,36.214.228.80
501,Linc,Ulyet,lulyetdw@hubpages.com,0 Claremont Park,7.98.147.98
502,Arron,Marchenko,amarchenkodx@webeden.co.uk,7 Petterle Hill,50.246.61.136
503,Beryle,Broschke,bbroschkedy@columbia.edu,45 Crownhardt Lane,244.96.64.76
504,Amalea,Mellody,amellodydz@symantec.com,6518 Chinook Lane,109.207.53.142
505,Clerissa,Rosiello,crosielloe0@army.mil,0 Cambridge Alley,254.250.166.218
506,Aarika,Snedden,asneddene1@unicef.org,3 Pond Crossing,158.199.22.21
507,Zita,Rosita,zrositae2@ycombinator.com,9 Jana Parkway,97.24.2.99
508,Quintin,Hiley,qhileye3@is.gd,65 Dexter Point,254.148.128.184
509,Reinaldo,Marousek,rmarouseke4@marriott.com,5 Nevada Way,24.87.142.222
510,Jens,Bailles,jbaillese5@miitbeian.gov.cn,2037 Quincy Street,233.240.128.12
511,Wenonah,Reville,wrevillee6@example.com,673 Russell Plaza,132.131.222.16
512,Ofella,Dunphy,odunphye7@hubpages.com,21721 Johnson Plaza,10.126.70.158
513,Helyn,Windibank,hwindibanke8@alibaba.com,418 Bowman Parkway,64.13.247.22
514,Karly,MacNamara,kmacnamarae9@photobucket.com,5637 Sutteridge Hill,224.113.120.222
515,Lorette,Gulston,lgulstonea@zimbio.com,1 Stang Trail,194.239.201.115
516,Wyndham,Kalkofen,wkalkofeneb@mashable.com,89 Paget Point,88.139.167.184
517,Cristionna,Mapson,cmapsonec@tamu.edu,7230 Golf Junction,126.218.171.171
518,Hervey,Hoodlass,hhoodlassed@fc2.com,4 Kensington Point,102.183.37.64
519,Delphinia,Adamovsky,dadamovskyee@squarespace.com,21346 Buhler Plaza,108.84.223.202
520,Oriana,Halburton,ohalburtonef@google.ru,35 5th Junction,100.18.27.63
521,Barry,Cortnay,bcortnayeg@google.ca,2 Old Gate Point,159.204.222.170
522,Ignaz,Gaywood,igaywoodeh@printfriendly.com,80 Arizona Street,54.187.251.64
523,Prue,Serjeant,pserjeantei@com.com,118 Merry Court,12.8.249.144
524,Spence,Flagg,sflaggej@about.me,172 Fair Oaks Pass,223.36.121.213
525,Modesta,Bezemer,mbezemerek@prweb.com,25438 Ryan Street,68.138.237.32
526,Nikoletta,Luxon,nluxonel@yellowpages.com,95 Vermont Center,124.88.39.6
527,Rusty,Paffitt,rpaffittem@networkadvertising.org,1 School Junction,12.39.236.44
528,Daron,Tythacott,dtythacotten@loc.gov,1381 Garrison Terrace,183.34.38.106
529,Fan,Colicot,fcolicoteo@walmart.com,82505 Sachtjen Lane,18.199.87.119
530,Manfred,Cromarty,mcromartyep@opensource.org,101 Hanson Pass,167.167.127.113
531,Crystie,Harbard,charbardeq@skype.com,746 Bobwhite Drive,41.139.117.194
532,Willem,Berecloth,wbereclother@sohu.com,94 Packers Street,213.101.53.201
533,Dacie,Alkins,dalkinses@loc.gov,5388 Havey Crossing,217.132.233.107
534,Gweneth,Parris,gparriset@quantcast.com,7445 Laurel Place,30.239.85.44
535,Edee,Frizzell,efrizzelleu@squidoo.com,94335 Eggendart Avenue,158.103.163.119
536,Marys,Sturridge,msturridgeev@meetup.com,72 Summer Ridge Trail,109.203.136.33
537,Lukas,Berthe,lbertheew@ustream.tv,894 Anthes Trail,117.234.60.94
538,Wendi,Spinello,wspinelloex@census.gov,5579 Manley Court,65.66.225.32
539,Gregoire,Oliveto,golivetoey@weather.com,5 Judy Lane,95.116.34.53
540,Briggs,Standbridge,bstandbridgeez@about.com,8368 Northland Place,135.23.238.101
541,Hyacintha,McReath,hmcreathf0@webeden.co.uk,1171 Buhler Circle,242.65.137.127
542,Gwyn,Haggarth,ghaggarthf1@usatoday.com,2661 Lillian Lane,67.158.61.87
543,Lisle,Sehorsch,lsehorschf2@amazon.co.jp,2 Corry Pass,46.80.208.33
544,Ricki,Stuck,rstuckf3@infoseek.co.jp,02155 Browning Crossing,191.91.80.5
545,Dell,Giraux,dgirauxf4@ebay.com,541 Merchant Center,136.249.51.57
546,Matthiew,Baccas,mbaccasf5@ucla.edu,129 Grim Parkway,82.216.126.103
547,Kaycee,Sheldrake,ksheldrakef6@last.fm,810 Haas Place,87.77.223.230
548,Juieta,Beaton,jbeatonf7@soup.io,874 Sunbrook Center,250.166.127.136
549,Fan,Lile,flilef8@imageshack.us,19 School Center,254.123.248.72
550,Buffy,Brash,bbrashf9@cnet.com,3 Carberry Way,175.111.213.134
551,Bradley,Lowcock,blowcockfa@wunderground.com,650 Prairie Rose Point,5.46.152.26
552,Isa,Renowden,irenowdenfb@constantcontact.com,3 Evergreen Street,150.242.161.227
553,Moll,Meo,mmeofc@time.com,89 Hovde Alley,167.161.51.53
554,Matthaeus,Gorthy,mgorthyfd@senate.gov,299 Raven Court,44.28.85.131
555,Carline,Leupold,cleupoldfe@icq.com,1981 Autumn Leaf Center,192.103.242.96
556,Ailbert,Keepe,akeepeff@blinklist.com,661 Dryden Parkway,150.173.78.128
557,Collette,Bellingham,cbellinghamfg@ovh.net,8863 Village Crossing,39.234.58.237
558,Krisha,Seint,kseintfh@youku.com,1 Bunker Hill Junction,30.247.86.188
559,Pamela,Alessandrini,palessandrinifi@cnbc.com,01120 Pine View Court,249.18.199.224
560,Isa,Barg,ibargfj@jimdo.com,377 Glacier Hill Center,60.26.207.104
561,Elyn,Maden,emadenfk@bbb.org,314 Hoepker Way,3.22.226.105
562,Alexandrina,Artis,aartisfl@xing.com,10 Tennessee Hill,225.33.147.39
563,Shea,Elphinstone,selphinstonefm@senate.gov,16626 American Court,98.86.180.132
564,Kelcie,Carillo,kcarillofn@cargocollective.com,893 Birchwood Crossing,181.161.21.74
565,Gert,Cecere,gcecerefo@sbwire.com,007 High Crossing Park,97.211.0.63
566,Jacky,Roblou,jrobloufp@va.gov,06 Schiller Park,87.34.250.130
567,Paulette,Woolhouse,pwoolhousefq@scribd.com,8 Blackbird Way,71.0.247.194
568,Bianka,Buer,bbuerfr@oracle.com,77905 Beilfuss Lane,203.196.160.215
569,Joline,O'Callaghan,jocallaghanfs@latimes.com,116 Nobel Point,23.176.154.7
570,Rafaela,Heale,rhealeft@miibeian.gov.cn,0063 Oneill Crossing,32.0.180.210
571,Adey,Candish,acandishfu@dyndns.org,15 Lerdahl Drive,77.54.85.193
572,Joye,Buzzing,jbuzzingfv@php.net,5063 Bartelt Avenue,246.33.43.24
573,Charita,Gowdie,cgowdiefw@wsj.com,03 Thackeray Way,236.126.58.46
574,Ferdinanda,Leyninye,fleyninyefx@mayoclinic.com,31761 Mockingbird Pass,43.89.142.161
575,Tristam,Chasmar,tchasmarfy@techcrunch.com,66766 Riverside Street,124.63.197.197
576,Guthrey,Melesk,gmeleskfz@biglobe.ne.jp,824 Eastlawn Road,71.32.157.146
577,Callida,Fitzsimmons,cfitzsimmonsg0@wisc.edu,5187 Riverside Park,232.243.243.196
578,Edith,Mesias,emesiasg1@google.de,737 American Ash Alley,142.242.188.116
579,Terri,Schruurs,tschruursg2@unc.edu,6 Saint Paul Hill,153.204.74.33
580,Ruggiero,Grayshon,rgrayshong3@wufoo.com,9969 Emmet Point,196.130.112.57
581,Jeffrey,Thomton,jthomtong4@g.co,9 Havey Junction,21.64.138.195
582,Lanny,Denyakin,ldenyaking5@dion.ne.jp,79066 8th Terrace,249.153.49.154
583,Sven,Skittrall,sskittrallg6@sphinn.com,08755 Veith Street,254.30.249.129
584,Andonis,Moehler,amoehlerg7@kickstarter.com,45298 Monument Hill,230.169.23.115
585,Lisle,Stickins,lstickinsg8@google.com.hk,2647 2nd Pass,162.96.106.128
586,Jarrad,Baldick,jbaldickg9@ow.ly,1 Gerald Street,193.116.136.163
587,Yolanthe,Averall,yaverallga@independent.co.uk,44001 Corry Street,198.104.158.191
588,Sebastiano,Dovington,sdovingtongb@pagesperso-orange.fr,142 Nancy Terrace,73.177.222.240
589,Twyla,Bartoli,tbartoligc@angelfire.com,255 Kropf Center,68.144.206.170
590,Trever,Gatfield,tgatfieldgd@dion.ne.jp,9 Eliot Lane,47.215.117.185
591,Diandra,Porteous,dporteousge@mysql.com,66 Crescent Oaks Terrace,61.101.9.68
592,Ingaborg,Aymes,iaymesgf@un.org,3 Pearson Point,250.125.84.30
593,Jennine,Noto,jnotogg@nymag.com,08410 Carberry Terrace,61.100.232.241
594,Angeli,Liles,alilesgh@ow.ly,76 Karstens Terrace,77.176.158.41
595,Allyce,Purbrick,apurbrickgi@networkadvertising.org,18 Wayridge Drive,172.151.40.162
596,Randy,Peterffy,rpeterffygj@foxnews.com,63 2nd Alley,203.25.231.97
597,Yank,Mimmack,ymimmackgk@cbsnews.com,66216 Drewry Road,67.28.8.148
598,Yolande,Yitzovitz,yyitzovitzgl@wufoo.com,328 Columbus Road,13.170.163.216
599,Robert,Sawday,rsawdaygm@pbs.org,5 Menomonie Alley,167.24.176.190
600,Jeanne,Merlin,jmerlingn@ucla.edu,3671 Bunting Court,60.174.30.76
601,Aurelie,Paulus,apaulusgo@ft.com,08 Emmet Lane,47.101.64.154
602,Angeli,Dagless,adaglessgp@eventbrite.com,730 Bultman Avenue,4.79.216.245
603,Milka,Fouracre,mfouracregq@themeforest.net,43929 Farmco Hill,37.204.209.106
604,Eyde,Leppo,eleppogr@linkedin.com,7289 Bellgrove Parkway,80.211.65.192
605,Parsifal,Steuart,psteuartgs@4shared.com,53681 Forest Run Center,43.99.57.180
606,Carlin,Le Breton,clebretongt@oracle.com,067 Hauk Alley,238.90.198.3
607,Raff,Pley,rpleygu@behance.net,286 Vermont Lane,129.132.131.29
608,Angil,Winston,awinstongv@booking.com,000 Victoria Drive,138.233.164.187
609,Guido,MacAdam,gmacadamgw@joomla.org,9 Moulton Lane,108.116.5.8
610,Esmaria,Furneaux,efurneauxgx@skype.com,0 Oneill Junction,106.161.145.168
611,Rochella,Footer,rfootergy@washingtonpost.com,1 Red Cloud Center,210.95.200.148
612,Cory,Chinge,cchingegz@go.com,849 Redwing Pass,51.155.226.186
613,Andree,Arkwright,aarkwrighth0@seesaa.net,46 Namekagon Place,27.253.128.72
614,Carrissa,Corby,ccorbyh1@jigsy.com,0 Ohio Pass,175.60.142.127
615,Elmer,Scrinage,escrinageh2@aol.com,071 Marcy Parkway,10.180.103.56
616,Hall,Igo,higoh3@irs.gov,982 Crest Line Terrace,58.223.39.119
617,Jeffy,Maillard,jmaillardh4@ycombinator.com,27116 Dorton Crossing,34.39.44.31
618,Ken,Burton,kburtonh5@altervista.org,9 Loomis Hill,95.206.245.128
619,Mei,Hartgill,mhartgillh6@ustream.tv,0 Lunder Court,52.169.221.107
620,Curcio,Whitta,cwhittah7@netvibes.com,41390 Burning Wood Place,125.118.123.220
621,Kathie,Alldred,kalldredh8@msu.edu,352 Messerschmidt Hill,248.15.105.103
622,Ermentrude,Joice,ejoiceh9@washington.edu,68 Warner Place,6.252.175.125
623,Sianna,McClifferty,smccliffertyha@amazon.de,16 Meadow Vale Pass,188.181.60.214
624,Jere,Kuzma,jkuzmahb@businesswire.com,789 Nelson Point,1.40.52.35
625,Shirl,Mathely,smathelyhc@europa.eu,18945 Meadow Ridge Park,24.213.2.172
626,Farand,Feasey,ffeaseyhd@salon.com,33425 8th Avenue,244.231.251.199
627,Margaretha,Hamson,mhamsonhe@yelp.com,3795 Nelson Park,240.148.88.205
628,Hannie,Harker,hharkerhf@livejournal.com,703 Mcguire Center,212.10.64.89
629,Brigham,Tomczykowski,btomczykowskihg@friendfeed.com,0 Gerald Lane,188.5.31.106
630,Bob,Lipgens,blipgenshh@skyrock.com,553 Union Terrace,194.19.5.4
631,Carmita,Comrie,ccomriehi@si.edu,23 Lunder Circle,36.7.195.129
632,Sheri,Maryan,smaryanhj@meetup.com,68 Eagan Alley,56.27.222.186
633,Priscilla,Ramas,pramashk@123-reg.co.uk,837 Scofield Way,96.1.144.30
634,Ilise,McKeighen,imckeighenhl@vkontakte.ru,79930 Pawling Park,165.169.247.115
635,Randa,Wheaton,rwheatonhm@wufoo.com,5 Amoth Park,227.198.22.28
636,Bradan,Cloughton,bcloughtonhn@prweb.com,1074 Dayton Pass,128.2.129.71
637,Carmella,Hughland,chughlandho@sitemeter.com,2 Village Green Avenue,11.204.232.208
638,Cynthea,Bernuzzi,cbernuzzihp@toplist.cz,0818 Kinsman Drive,114.252.110.81
639,Cacilia,Twinn,ctwinnhq@gnu.org,51 Lighthouse Bay Way,187.137.155.70
640,Frankie,Craw,fcrawhr@google.com,735 David Trail,119.103.135.141
641,Stillman,Arnall,sarnallhs@indiatimes.com,9069 Eliot Crossing,58.15.83.174
642,Evanne,Rops,eropsht@scribd.com,76 Rieder Avenue,154.114.230.109
643,Parrnell,Gaunter,pgaunterhu@homestead.com,78577 Messerschmidt Circle,222.156.68.44
644,Seline,Waddup,swadduphv@abc.net.au,66732 Reindahl Center,187.198.75.78
645,Adelle,Trengove,atrengovehw@yahoo.com,77 East Alley,253.77.32.217
646,Modestine,Kitchiner,mkitchinerhx@github.com,6282 Northridge Drive,48.171.86.238
647,Franky,Bauckham,fbauckhamhy@geocities.com,23 Sachs Plaza,1.206.189.152
648,Reina,Huncote,rhuncotehz@newsvine.com,491 Glendale Parkway,16.195.161.134
649,Anica,Phillp,aphillpi0@tamu.edu,734 Crowley Road,86.190.15.18
650,Stephanus,Husset,shusseti1@mozilla.com,16 Bunting Plaza,133.189.123.216
651,Allx,Jantel,ajanteli2@tinyurl.com,9143 Westerfield Road,43.14.49.94
652,Sandor,Droogan,sdroogani3@wikispaces.com,3088 Bellgrove Plaza,134.43.244.89
653,Rutger,Figger,rfiggeri4@economist.com,0070 Canary Parkway,220.65.98.157
654,Vinni,Ellingworth,vellingworthi5@posterous.com,35610 Kings Lane,202.212.210.115
655,Tadeas,Fellow,tfellowi6@google.nl,0559 Trailsway Center,83.141.119.121
656,Christal,Antcliff,cantcliffi7@eventbrite.com,35051 Westport Place,90.51.177.108
657,Ros,Ellerman,rellermani8@ebay.co.uk,31168 Merrick Lane,159.95.12.242
658,Elvira,Dablin,edablini9@cnbc.com,2198 Morningstar Drive,99.86.134.93
659,Kurtis,Rasher,krasheria@umn.edu,54 Esch Parkway,67.197.245.197
660,Aurel,Kayser,akayserib@livejournal.com,9 Menomonie Place,154.16.57.206
661,Orlan,Lindborg,olindborgic@flavors.me,191 Leroy Avenue,120.117.248.134
662,Padgett,Shellum,pshellumid@paypal.com,1 Center Point,62.242.118.25
663,Christalle,Koene,ckoeneie@elpais.com,5 Lakewood Gardens Pass,214.149.171.139
664,Riley,Swarbrick,rswarbrickif@yale.edu,8 Oak Court,205.40.65.238
665,Dolph,Veldman,dveldmanig@naver.com,09 Waubesa Junction,66.106.103.170
666,Myca,Downham,mdownhamih@kickstarter.com,2096 Hovde Hill,180.53.22.39
667,Celinda,O Sullivan,cosullivanii@360.cn,62 Schlimgen Street,206.2.49.163
668,Anya,Cowans,acowansij@springer.com,25 Dunning Park,209.143.83.15
669,Margalit,Ambrosoli,mambrosoliik@boston.com,18 Hallows Terrace,141.12.140.140
670,Anna-diane,Lorenzetto,alorenzettoil@free.fr,3480 Jenna Center,178.250.243.246
671,Elvira,Currer,ecurrerim@jalbum.net,6 Grasskamp Lane,0.105.3.165
672,Lulu,Pyzer,lpyzerin@github.io,52 Norway Maple Pass,186.150.102.131
673,Odelinda,Genny,ogennyio@yahoo.co.jp,26465 Cardinal Pass,117.136.167.181
674,Layla,Enbury,lenburyip@gnu.org,1636 Dennis Lane,185.83.243.114
675,Hamilton,Shorter,hshorteriq@uiuc.edu,078 Melrose Drive,106.188.66.181
676,Giustino,Veldens,gveldensir@imageshack.us,9274 Boyd Place,246.246.181.226
677,Giff,Karlolak,gkarlolakis@ft.com,62 Hayes Alley,168.66.126.150
678,Toinette,Potapczuk,tpotapczukit@howstuffworks.com,9 Hudson Circle,138.187.126.186
679,Karleen,Vahey,kvaheyiu@wix.com,36 Johnson Pass,148.223.224.14
680,Logan,Dominetti,ldominettiiv@purevolume.com,13 Ronald Regan Terrace,154.9.94.98
681,Gerta,Lippiett,glippiettiw@umn.edu,1505 Pankratz Terrace,238.216.216.18
682,Jerrome,Domoney,jdomoneyix@canalblog.com,026 Prentice Park,36.117.177.55
683,Kevon,Rabbet,krabbetiy@nih.gov,04 Schiller Circle,141.189.224.154
684,Morrie,Siverns,msivernsiz@blinklist.com,447 Knutson Crossing,43.213.165.33
685,Atalanta,Drakes,adrakesj0@clickbank.net,21 Dorton Parkway,114.4.66.91
686,Montgomery,Benezet,mbenezetj1@infoseek.co.jp,645 Toban Hill,96.200.145.214
687,Tallulah,Glinde,tglindej2@marriott.com,11749 Jenna Terrace,82.210.216.212
688,Elyse,Stuke,estukej3@nps.gov,20792 Cardinal Parkway,136.106.73.31
689,Kelbee,Kerbey,kkerbeyj4@bbc.co.uk,86457 Bunker Hill Way,161.116.60.207
690,Jase,Jozsef,jjozsefj5@uiuc.edu,996 Gateway Hill,80.82.208.244
691,Janet,Gabbot,jgabbotj6@imageshack.us,5419 Cardinal Road,98.40.209.201
692,Lesley,Tejada,ltejadaj7@ovh.net,56197 Farmco Trail,116.87.77.67
693,Correy,Espasa,cespasaj8@cbc.ca,3016 Roth Place,77.216.125.174
694,Ninnette,Tesh,nteshj9@techcrunch.com,64 Londonderry Plaza,19.20.213.3
695,Randee,Shanklin,rshanklinja@angelfire.com,4 Eagan Pass,54.63.48.60
696,Sari,Ekkel,sekkeljb@wsj.com,44909 Southridge Center,63.210.138.61
697,Minny,Denny,mdennyjc@wordpress.org,7 Old Gate Pass,70.1.110.107
698,Lyndsey,Bartrop,lbartropjd@imgur.com,11 Moulton Circle,71.87.72.83
699,Cherianne,MacCauley,cmaccauleyje@twitter.com,21726 Merry Circle,184.151.159.44
700,Zelda,Grinyer,zgrinyerjf@clickbank.net,20 Schmedeman Terrace,3.172.141.163
701,Zena,Hewkin,zhewkinjg@bloomberg.com,10689 Continental Terrace,94.102.255.76
702,Broddie,Ranald,branaldjh@jugem.jp,495 Pawling Street,148.84.154.221
703,Vera,Baudassi,vbaudassiji@harvard.edu,4304 Artisan Lane,50.103.57.162
704,Basilio,MacDonagh,bmacdonaghjj@princeton.edu,51700 Green Point,206.119.112.74
705,Sherrie,Cumpton,scumptonjk@nih.gov,3243 Rockefeller Lane,230.243.187.10
706,Anjanette,Hanham,ahanhamjl@geocities.jp,58 Texas Court,29.5.24.143
707,Gaston,Edess,gedessjm@fastcompany.com,79 Dennis Crossing,163.234.29.3
708,Angeline,Stendell,astendelljn@amazon.co.jp,7216 Manley Way,98.80.0.246
709,Barty,Cow,bcowjo@nsw.gov.au,487 Forster Hill,244.50.31.247
710,Maurita,Caig,mcaigjp@creativecommons.org,74162 Donald Avenue,176.49.58.55
711,Niki,Conroy,nconroyjq@usatoday.com,54619 Village Lane,76.240.154.10
712,Tommi,Prynne,tprynnejr@1und1.de,0 Summer Ridge Trail,64.177.143.52
713,Mayer,Baldassi,mbaldassijs@1und1.de,9 Acker Drive,211.163.159.244
714,Blythe,Beardall,bbeardalljt@bandcamp.com,96666 Bluejay Court,33.121.130.154
715,Briant,Kirtlan,bkirtlanju@google.fr,89711 Dakota Place,32.226.187.212
716,Dana,McParlin,dmcparlinjv@jiathis.com,79498 International Plaza,21.182.204.101
717,Sinclair,Arnau,sarnaujw@so-net.ne.jp,48777 Anthes Circle,136.193.152.187
718,Donnell,Minifie,dminifiejx@cnn.com,94602 Lillian Point,28.22.148.13
719,Shanon,Dyson,sdysonjy@123-reg.co.uk,34003 Walton Alley,143.233.79.116
720,Aguste,Rizzotto,arizzottojz@myspace.com,9 Dahle Drive,48.25.130.22
721,Klaus,Lumby,klumbyk0@npr.org,135 Dryden Trail,23.67.38.134
722,Eloise,Becraft,ebecraftk1@craigslist.org,75 Debs Avenue,49.176.117.48
723,Jere,Fearnehough,jfearnehoughk2@nytimes.com,3 Larry Lane,169.80.31.145
724,Vivyanne,Jouhning,vjouhningk3@yolasite.com,0283 Crest Line Alley,96.114.190.88
725,Karil,Lovat,klovatk4@zimbio.com,25 Everett Road,248.178.59.178
726,Angelita,Pires,apiresk5@creativecommons.org,3693 4th Alley,95.40.99.225
727,Michelle,De Bischop,mdebischopk6@tamu.edu,79040 Ohio Terrace,188.227.219.37
728,Abbye,Seal,asealk7@marketwatch.com,61830 Atwood Point,78.190.59.139
729,Broderick,Astling,bastlingk8@theglobeandmail.com,20759 Lerdahl Way,217.95.125.130
730,Mellicent,Coger,mcogerk9@biblegateway.com,59 Crowley Plaza,116.251.2.9
731,Corliss,Shellard,cshellardka@purevolume.com,582 Lien Junction,167.52.1.72
732,Dalston,Englefield,denglefieldkb@usgs.gov,460 Manley Place,228.201.76.64
733,Belinda,Edson,bedsonkc@vimeo.com,57227 Mccormick Terrace,37.128.35.42
734,Revkah,Dulin,rdulinkd@accuweather.com,7 Superior Circle,249.64.181.152
735,Shannah,Wybourne,swybourneke@shareasale.com,645 Almo Plaza,119.38.113.55
736,Maure,Shortin,mshortinkf@springer.com,400 Ramsey Terrace,247.216.117.234
737,Kayla,Tugwell,ktugwellkg@prnewswire.com,3 Loeprich Road,223.219.97.49
738,Dixie,Cadman,dcadmankh@typepad.com,173 Arkansas Drive,0.253.40.114
739,Holden,Ca,hcaki@apple.com,8685 Waxwing Plaza,85.154.189.111
740,Terri,Jacquemard,tjacquemardkj@gravatar.com,670 East Court,61.169.141.176
741,Arney,Filipovic,afilipovickk@dropbox.com,39 Sundown Park,121.238.101.253
742,Lombard,Le Marquis,llemarquiskl@buzzfeed.com,56246 Namekagon Plaza,155.104.159.16
743,Renate,Simmon,rsimmonkm@bigcartel.com,9 Northridge Street,19.142.58.69
744,Noellyn,Janos,njanoskn@sourceforge.net,63 Macpherson Point,138.140.190.187
745,Chantalle,Pyne,cpyneko@yahoo.co.jp,627 Center Lane,205.182.159.199
746,Taite,Gordon,tgordonkp@google.com.hk,49 Sloan Alley,1.210.246.174
747,Gal,Challenger,gchallengerkq@unesco.org,36 Schmedeman Plaza,161.120.67.192
748,Tiphany,Albrooke,talbrookekr@myspace.com,621 Gale Street,84.126.134.168
749,Geordie,Rape,grapeks@cnbc.com,0676 Mayer Alley,201.177.191.157
750,Bernard,Truce,btrucekt@amazon.co.uk,67 Barby Parkway,84.141.129.83
751,Creighton,Wankling,cwanklingku@360.cn,4 Mockingbird Plaza,62.180.129.102
752,Celestyn,Vaudrey,cvaudreykv@storify.com,40 Lerdahl Road,29.85.185.155
753,Mariel,Wills,mwillskw@instagram.com,838 Mayfield Park,89.240.70.217
754,Candida,Kun,ckunkx@tumblr.com,2 Bunting Crossing,169.28.205.239
755,Karleen,Kime,kkimeky@yolasite.com,0403 Anthes Circle,90.247.146.31
756,Rosene,Brunini,rbruninikz@cam.ac.uk,33546 Westport Court,199.93.252.200
757,Courtney,McGaraghan,cmcgaraghanl0@shop-pro.jp,95 Scoville Place,220.253.71.174
758,Emmet,Jacobssen,ejacobssenl1@berkeley.edu,04 Bellgrove Road,103.229.136.11
759,Celle,Iacovo,ciacovol2@dagondesign.com,9 Jenifer Circle,75.167.13.225
760,Phillie,Lismer,plismerl3@mayoclinic.com,7 Fair Oaks Alley,88.86.255.26
761,Eveline,Besnard,ebesnardl4@typepad.com,2616 Katie Street,212.198.112.4
762,Jeannette,Beavan,jbeavanl5@opensource.org,42334 Bellgrove Court,205.162.23.238
763,Pall,Ida,pidal6@twitter.com,9527 Northland Drive,65.37.170.89
764,Javier,Ramelet,jrameletl7@dell.com,2 Sundown Pass,84.113.30.92
765,Land,Bruyntjes,lbruyntjesl8@yellowbook.com,295 Manley Hill,59.253.237.158
766,Adrea,Scholar,ascholarl9@cargocollective.com,957 Schmedeman Place,13.148.70.219
767,Venus,Miners,vminersla@trellian.com,9 Bonner Lane,164.146.210.185
768,Daven,Fennick,dfennicklb@1und1.de,64503 Mcbride Road,217.45.93.248
769,Siegfried,O'Heyne,soheynelc@macromedia.com,7 Grasskamp Pass,115.102.27.45
770,Dara,Geleman,dgelemanld@squarespace.com,136 Lotheville Drive,129.190.28.147
771,Annabelle,Driffe,adriffele@java.com,37571 Pine View Pass,87.43.70.66
772,Estella,Bertl,ebertllf@dyndns.org,50668 Kinsman Point,93.206.236.5
773,Kristoffer,Persehouse,kpersehouselg@google.com,43683 Glacier Hill Park,162.30.112.232
774,Rosemonde,McAless,rmcalesslh@dion.ne.jp,835 2nd Terrace,197.250.154.149
775,Cornall,Aylmer,caylmerli@vimeo.com,4 Southridge Trail,196.175.189.77
776,Nigel,Wolverson,nwolversonlj@wiley.com,0019 Bluestem Trail,171.177.89.226
777,Vonni,Penas,vpenaslk@parallels.com,73096 Fulton Junction,204.155.156.68
778,Scot,Jaggar,sjaggarll@desdev.cn,7 Talisman Terrace,228.129.78.43
779,Briggs,Riccardelli,briccardellilm@hao123.com,2340 Hooker Parkway,109.79.110.189
780,Jeramie,Murrhaupt,jmurrhauptln@amazon.de,57778 Hayes Pass,136.221.223.102
781,Valma,Amori,vamorilo@plala.or.jp,12 Acker Avenue,172.76.177.112
782,Krissy,McArthur,kmcarthurlp@slate.com,223 Kinsman Street,180.177.113.246
783,Georgie,Chastel,gchastellq@so-net.ne.jp,98695 Welch Junction,107.1.219.106
784,Carling,Rabjohn,crabjohnlr@networkadvertising.org,0937 Transport Hill,102.27.143.8
785,Collette,Muirhead,cmuirheadls@sciencedirect.com,85004 Weeping Birch Pass,187.59.207.83
786,Andrej,Crucetti,acrucettilt@spiegel.de,435 Sunnyside Terrace,116.199.60.136
787,Carole,Ramme,crammelu@accuweather.com,859 Eastwood Park,51.206.174.13
788,Leilah,Foresight,lforesightlv@ted.com,0 Utah Point,63.120.214.172
789,Edeline,Redgate,eredgatelw@elegantthemes.com,89741 Melrose Crossing,176.47.248.213
790,Polly,Tott,ptottlx@state.tx.us,733 Algoma Pass,242.244.70.85
791,Kenton,Linforth,klinforthly@webmd.com,70325 David Drive,27.137.163.142
792,Cchaddie,Gaisford,cgaisfordlz@loc.gov,9840 Cardinal Way,25.28.45.174
793,Roobbie,Bissill,rbissillm0@cpanel.net,28719 Twin Pines Alley,14.244.128.177
794,Vic,Tart,vtartm1@webs.com,15 Hudson Park,201.172.29.251
795,Idalia,Pethybridge,ipethybridgem2@chron.com,94208 Lake View Alley,132.169.181.72
796,Neill,Vigrass,nvigrassm3@51.la,195 Kensington Court,224.173.3.3
797,Kassia,Goodered,kgooderedm4@disqus.com,1870 Golf Course Junction,178.226.251.93
798,Rriocard,Shelf,rshelfm5@youku.com,7659 Autumn Leaf Alley,44.188.40.107
799,Gianni,Camelin,gcamelinm6@paginegialle.it,48 Starling Street,100.135.193.33
800,Washington,Jenton,wjentonm7@liveinternet.ru,76 American Street,29.51.22.75
801,Alonso,Cadwallader,acadwalladerm8@princeton.edu,74046 Barby Lane,214.10.72.140
802,Guthrie,Benazet,gbenazetm9@usnews.com,1823 Sunfield Avenue,203.180.97.147
803,Catherin,Ferschke,cferschkema@imdb.com,13227 Anthes Center,181.145.199.178
804,Cleo,Hake,chakemb@pcworld.com,108 Carpenter Terrace,160.187.134.71
805,Gray,Mullin,gmullinmc@skyrock.com,9156 Grover Crossing,252.237.133.189
806,Jeri,Stritton,jstrittonmd@patch.com,19930 Roth Hill,204.216.31.184
807,Verge,Kedward,vkedwardme@ocn.ne.jp,48234 Fulton Crossing,182.141.5.242
808,Channa,Delagnes,cdelagnesmf@dot.gov,11 Golf Course Park,17.200.36.101
809,Swen,Licciardi,slicciardimg@freewebs.com,7 Scofield Terrace,135.23.212.137
810,Hermie,Bernardy,hbernardymh@qq.com,07617 Linden Crossing,5.128.170.205
811,Abramo,Cuseck,acuseckmi@webeden.co.uk,1710 Farwell Pass,205.36.225.253
812,Tamas,Rittelmeyer,trittelmeyermj@devhub.com,39369 Bluejay Hill,10.140.20.101
813,Sheffy,Tavener,stavenermk@spiegel.de,59 Eastwood Plaza,88.113.245.52
814,Hallie,Glanton,hglantonml@prweb.com,4 Armistice Drive,196.109.135.31
815,Johannes,McGrayle,jmcgraylemm@edublogs.org,786 Moose Terrace,97.27.224.107
816,Brigitte,Drewry,bdrewrymn@pcworld.com,28199 Fairview Way,168.86.219.48
817,Fredek,Gonzalo,fgonzalomo@dailymotion.com,72833 Warrior Street,1.209.77.170
818,Bev,Tremayne,btremaynemp@google.nl,677 Mockingbird Trail,110.41.169.24
819,Antony,Rutherfoord,arutherfoordmq@craigslist.org,50 Toban Street,164.175.233.128
820,Jeni,Showte,jshowtemr@technorati.com,80228 Oneill Terrace,37.213.29.42
821,Charity,Lorimer,clorimerms@wired.com,6 Columbus Lane,145.179.255.66
822,Karlotta,McGahy,kmcgahymt@blogspot.com,96 Hauk Lane,201.89.99.39
823,Vance,Bondar,vbondarmu@taobao.com,08 Loeprich Avenue,101.82.69.180
824,Percy,Uglow,puglowmv@ted.com,4307 Jay Lane,0.111.214.65
825,Nerte,Dunlap,ndunlapmw@github.com,667 Evergreen Plaza,224.179.239.207
826,Miran,Bolter,mboltermx@fda.gov,3 Oxford Hill,119.127.239.203
827,Marthena,McCome,mmccomemy@jugem.jp,1522 Hagan Plaza,46.105.38.253
828,Celine,Bowerman,cbowermanmz@nationalgeographic.com,6287 Helena Place,55.45.63.45
829,Neila,Towndrow,ntowndrown0@si.edu,74 Shelley Lane,143.136.16.149
830,Sarajane,Nealon,snealonn1@utexas.edu,033 New Castle Alley,132.209.123.4
831,Mic,Kirkhouse,mkirkhousen2@cisco.com,265 Ilene Parkway,221.106.49.136
832,Angelle,Probbing,aprobbingn3@state.gov,45 Fisk Street,62.153.179.249
833,Harrie,Laxtonne,hlaxtonnen4@ezinearticles.com,7 Macpherson Hill,51.48.214.248
834,Bryan,Croal,bcroaln5@addthis.com,6 Village Road,111.227.186.12
835,Electra,Venmore,evenmoren6@github.io,116 Troy Place,145.120.46.73
836,Ozzy,Gilhooley,ogilhooleyn7@opera.com,92 Parkside Alley,253.150.35.140
837,Stevy,Pashler,spashlern8@constantcontact.com,46 Homewood Lane,55.216.194.178
838,Allegra,Ilive,ailiven9@myspace.com,04569 Red Cloud Plaza,199.67.12.219
839,Lona,Siburn,lsiburnna@amazon.co.uk,75 Butterfield Road,40.251.240.227
840,Bettye,Free,bfreenb@bluehost.com,94 Kensington Hill,13.129.203.236
841,Thorn,O'Ferris,toferrisnc@google.nl,2 Sundown Terrace,77.63.230.174
842,Brand,Stockings,bstockingsnd@ibm.com,1433 Buhler Terrace,120.64.123.240
843,Barb,Cansdale,bcansdalene@purevolume.com,1 Hazelcrest Hill,53.172.56.204
844,Ave,Brixham,abrixhamnf@chron.com,0 Meadow Vale Junction,23.144.187.130
845,Marjory,Kirvell,mkirvellng@woothemes.com,5 Melvin Avenue,64.46.190.141
846,Ranique,Tucknutt,rtucknuttnh@reference.com,4439 Debs Lane,226.201.141.42
847,Vanda,Filipic,vfilipicni@clickbank.net,3659 Acker Trail,246.218.140.38
848,Tracie,Carley,tcarleynj@hibu.com,558 Meadow Ridge Plaza,128.139.144.40
849,Lina,Chsteney,lchsteneynk@yellowpages.com,2750 Namekagon Junction,123.161.96.125
850,Claiborne,Collison,ccollisonnl@businesswire.com,438 Service Drive,46.186.233.143
851,Marius,Galilee,mgalileenm@nyu.edu,8154 Westport Hill,34.234.3.98
852,Anastasie,Dei,adeinn@cbsnews.com,91 Graedel Trail,74.18.38.181
853,Joellen,Grassett,jgrassettno@techcrunch.com,3712 Melby Street,127.124.221.81
854,Saw,Croucher,scrouchernp@nbcnews.com,9 Annamark Terrace,210.121.210.52
855,Celestina,Ratter,cratternq@narod.ru,20 Surrey Place,183.188.191.211
856,Marcela,Warlowe,mwarlowenr@webeden.co.uk,682 Arkansas Hill,174.203.221.172
857,Oralie,McWilliam,omcwilliamns@i2i.jp,7 Cambridge Lane,179.220.123.237
858,Gabi,Allnatt,gallnattnt@lycos.com,97843 Knutson Point,72.136.49.207
859,Fred,Antoniou,fantoniounu@imgur.com,8 Glacier Hill Court,81.53.14.255
860,Thain,Baterip,tbateripnv@columbia.edu,74 Kedzie Parkway,205.159.220.74
861,Drucill,Branford,dbranfordnw@amazon.de,28235 Milwaukee Alley,196.242.232.140
862,Fidel,Hateley,fhateleynx@privacy.gov.au,757 Debra Park,184.185.246.220
863,Pearl,Bonnick,pbonnickny@mac.com,5 School Point,5.252.76.166
864,Aindrea,Newby,anewbynz@deliciousdays.com,1 Burning Wood Point,142.163.163.56
865,Elly,Jindra,ejindrao0@java.com,1606 Autumn Leaf Alley,192.18.145.99
866,Royce,Richemond,rrichemondo1@accuweather.com,68 Elgar Park,189.106.3.166
867,Baryram,Brigden,bbrigdeno2@google.co.jp,05 Florence Park,232.213.150.35
868,Aprilette,Winchester,awinchestero3@issuu.com,1813 Hagan Junction,38.39.241.241
869,Karole,Di Biaggi,kdibiaggio4@mlb.com,35 South Center,108.12.118.235
870,Cristal,Kingsnode,ckingsnodeo5@bloomberg.com,9 Ridgeway Parkway,128.66.169.111
871,Kelvin,Gelsthorpe,kgelsthorpeo6@github.io,08 Anhalt Trail,5.44.75.54
872,Melba,Jacob,mjacobo7@redcross.org,796 Southridge Terrace,200.142.161.54
873,Ashley,Attkins,aattkinso8@google.cn,31 West Center,124.138.201.151
874,Nathaniel,Guillem,nguillemo9@walmart.com,3 Manitowish Pass,36.62.137.40
875,Donal,Luxmoore,dluxmooreoa@examiner.com,05092 Prentice Center,234.7.132.131
876,Estelle,Youde,eyoudeob@jugem.jp,5 Basil Drive,149.60.83.77
877,Klara,Acres,kacresoc@studiopress.com,6049 Veith Road,117.43.147.59
878,Buddy,Harme,bharmeod@cpanel.net,8178 Redwing Court,241.187.213.67
879,Antonetta,Collyear,acollyearoe@hibu.com,58475 Reindahl Terrace,205.122.63.133
880,Jacqueline,Tate,jtateof@networkadvertising.org,51906 Hoepker Trail,97.31.92.25
881,Anderea,Truss,atrussog@unicef.org,39873 Pankratz Way,220.23.18.62
882,Ingar,Oxburgh,ioxburghoh@unesco.org,69680 Sunbrook Drive,165.143.243.146
883,Troy,Angerstein,tangersteinoi@jugem.jp,72493 Mallory Place,94.36.66.133
884,Elysha,Durrance,edurranceoj@google.co.uk,35 Buell Junction,56.109.218.210
885,Livvie,Loynton,lloyntonok@cocolog-nifty.com,07 Ohio Way,40.86.111.93
886,Devora,Fedorski,dfedorskiol@github.io,440 Kingsford Crossing,72.112.100.121
887,Kimberley,Hanssmann,khanssmannom@gravatar.com,7 Manitowish Point,184.79.252.225
888,Kristian,Bahde,kbahdeon@webmd.com,620 Sundown Road,2.82.190.145
889,Nap,Olekhov,nolekhovoo@cam.ac.uk,91379 Porter Lane,23.150.206.83
890,Bel,Stoffers,bstoffersop@zdnet.com,39 Vidon Drive,250.113.190.112
891,Corney,Cobden,ccobdenoq@wix.com,55624 Oneill Court,189.231.221.214
892,Catie,Kaszper,ckaszperor@ucoz.com,9 Hintze Drive,136.155.68.172
893,Shayne,Train,strainos@php.net,2215 Dryden Court,249.211.149.53
894,Rollie,Morpeth,rmorpethot@domainmarket.com,64869 Mendota Junction,94.110.1.62
895,Maynard,Tumielli,mtumielliou@apache.org,107 Everett Crossing,191.249.167.28
896,Desirae,Whiting,dwhitingov@trellian.com,67 Ilene Plaza,121.255.220.184
897,Keeley,Pawlata,kpawlataow@yellowpages.com,9727 South Terrace,14.235.151.132
898,Rowe,Warbeys,rwarbeysox@zdnet.com,85 Hintze Junction,137.146.39.242
899,Flora,Leyban,fleybanoy@goodreads.com,81659 Tony Pass,245.40.159.224
900,Fawnia,Scrancher,fscrancheroz@ftc.gov,09958 Logan Place,38.84.210.136
901,Lizzie,Cobley,lcobleyp0@usa.gov,701 Waubesa Road,148.206.240.190
902,Monica,Villaret,mvillaretp1@odnoklassniki.ru,7 Union Junction,240.199.137.72
903,Willy,Dabner,wdabnerp2@narod.ru,13 Doe Crossing Pass,184.138.101.189
904,Pearla,Chiplin,pchiplinp3@telegraph.co.uk,2482 Ruskin Hill,245.134.210.89
905,Meredith,Castanho,mcastanhop4@engadget.com,3656 Carpenter Lane,27.39.136.88
906,Roddy,Pogson,rpogsonp5@wired.com,0932 Sutherland Plaza,234.234.112.93
907,Vonni,Eastbrook,veastbrookp6@dagondesign.com,678 Jana Center,100.32.81.246
908,Nona,Vasiliu,nvasiliup7@addtoany.com,4517 Cambridge Terrace,76.63.218.246
909,Rafferty,Swoffer,rswofferp8@tinyurl.com,2 Pankratz Pass,227.53.127.192
910,Cam,Cotherill,ccotherillp9@aol.com,4 Melvin Center,64.39.5.232
911,Royal,Craster,rcrasterpa@miibeian.gov.cn,7585 Steensland Pass,237.248.217.173
912,Ainslee,Menico,amenicopb@google.com.hk,113 Wayridge Alley,185.84.116.125
913,Aloysius,Cattermole,acattermolepc@flickr.com,843 Manley Drive,33.109.58.254
914,Darleen,McIllrick,dmcillrickpd@nymag.com,5964 Armistice Junction,109.77.235.19
915,Auria,Durning,adurningpe@wp.com,0 Eastlawn Park,128.216.157.244
916,Gwyneth,Abrahm,gabrahmpf@unc.edu,184 Nobel Avenue,42.74.18.186
917,Amara,Layhe,alayhepg@about.me,409 Farragut Terrace,116.118.150.134
918,Corina,Griffen,cgriffenph@addtoany.com,0 Manufacturers Point,110.184.78.115
919,Winona,Sille,wsillepi@bizjournals.com,194 Kinsman Parkway,48.127.118.204
920,Harrison,Clift,hcliftpj@loc.gov,79 Dorton Point,44.239.39.220
921,Phillida,Redon,predonpk@businessweek.com,507 High Crossing Court,167.24.191.184
922,Tiebold,Silverson,tsilversonpl@sina.com.cn,2 Bashford Parkway,206.175.13.177
923,Dex,Stuchberry,dstuchberrypm@trellian.com,8173 Anzinger Junction,151.169.233.166
924,Tate,Molesworth,tmolesworthpn@answers.com,8 Stoughton Junction,170.107.179.77
925,Dorothea,Drowsfield,ddrowsfieldpo@merriam-webster.com,907 Ridgeview Hill,11.50.6.18
926,Domini,Willmetts,dwillmettspp@ted.com,452 Prairie Rose Parkway,245.34.194.143
927,Kesley,Heaphy,kheaphypq@youku.com,71 Moulton Terrace,163.66.12.42
928,Wilbur,Laven,wlavenpr@wordpress.org,232 Bluejay Plaza,31.160.59.164
929,Melly,Tennick,mtennickps@a8.net,12 Doe Crossing Junction,73.194.29.73
930,Adolf,Charlin,acharlinpt@clickbank.net,22 Nancy Road,131.178.208.169
931,Thaddus,Langtree,tlangtreepu@apple.com,977 Oakridge Place,122.101.29.243
932,Gayelord,Filon,gfilonpv@nasa.gov,951 Main Crossing,58.59.120.81
933,Sallee,Pirrie,spirriepw@yellowbook.com,64508 Oak Valley Way,117.24.63.199
934,Ruggiero,Reynard,rreynardpx@ed.gov,09 Sheridan Alley,119.144.29.43
935,Daryl,Swayland,dswaylandpy@google.com,210 Carioca Way,21.65.100.235
936,Muhammad,Lissenden,mlissendenpz@jimdo.com,11878 Manufacturers Drive,192.93.55.114
937,Giulio,Dieton,gdietonq0@dropbox.com,19933 Del Sol Crossing,142.200.145.114
938,Di,Bancroft,dbancroftq1@aol.com,577 Dennis Lane,40.72.6.118
939,Babs,O'Carran,bocarranq2@irs.gov,17297 Bonner Park,174.34.18.129
940,Ellwood,Langlois,elangloisq3@cornell.edu,77246 Mallard Court,103.0.237.102
941,Sandro,Wilbraham,swilbrahamq4@newyorker.com,6 7th Alley,235.32.80.203
942,Merla,Risdall,mrisdallq5@bandcamp.com,7775 Merchant Place,205.40.40.222
943,Carlene,Pendall,cpendallq6@abc.net.au,6972 Crescent Oaks Point,222.10.4.58
944,Mahmud,MacRirie,mmacririeq7@fda.gov,662 Gale Park,28.207.14.11
945,Aldridge,Rojel,arojelq8@fotki.com,7 Stone Corner Junction,169.115.22.22
946,Reube,Braz,rbrazq9@nymag.com,881 Vidon Lane,245.3.31.27
947,Abigale,Streatley,astreatleyqa@oaic.gov.au,939 Anderson Parkway,162.55.133.221
948,Jori,Billett,jbillettqb@paypal.com,88625 Russell Park,76.73.20.171
949,Faulkner,Erridge,ferridgeqc@elegantthemes.com,76 Sauthoff Avenue,6.249.63.226
950,Odilia,Bound,oboundqd@bloomberg.com,813 Mccormick Terrace,18.155.187.250
951,Herschel,Rickards,hrickardsqe@senate.gov,6 Corscot Lane,153.17.5.120
952,Riordan,Skirrow,rskirrowqf@reverbnation.com,904 Florence Center,1.200.147.136
953,Bogart,Wellsman,bwellsmanqg@kickstarter.com,3 Havey Avenue,3.150.53.38
954,Ermin,Wrankling,ewranklingqh@multiply.com,05035 Coolidge Plaza,90.234.107.51
955,Kaine,Davidi,kdavidiqi@symantec.com,6 Mcguire Court,79.134.252.187
956,Annis,Lief,aliefqj@macromedia.com,755 Hallows Street,13.144.22.233
957,Cassie,Babbage,cbabbageqk@opera.com,53 Marquette Trail,31.16.232.212
958,Crin,Golby,cgolbyql@cnn.com,51 Butternut Hill,80.73.114.201
959,Jyoti,Schout,jschoutqm@china.com.cn,1870 Swallow Street,213.214.183.69
960,Felipa,Belmont,fbelmontqn@xrea.com,629 Vahlen Drive,197.56.29.138
961,Garold,Charity,gcharityqo@joomla.org,3 Kedzie Park,222.23.188.119
962,Basilius,Pawlik,bpawlikqp@cocolog-nifty.com,8586 Village Park,253.193.68.193
963,Amory,Manby,amanbyqq@kickstarter.com,85 Mendota Hill,33.83.105.197
964,Samaria,Harvard,sharvardqr@aboutads.info,0111 Merchant Crossing,136.253.155.116
965,Andria,Halfacre,ahalfacreqs@theglobeandmail.com,230 Sullivan Hill,250.226.78.10
966,Cory,Mill,cmillqt@altervista.org,87 Armistice Trail,180.212.80.239
967,Neil,Iddison,niddisonqu@free.fr,569 Mcbride Avenue,240.164.165.118
968,Neill,Greger,ngregerqv@1und1.de,3 Parkside Alley,154.17.124.252
969,Milo,Huke,mhukeqw@devhub.com,29340 Hanson Avenue,168.55.221.112
970,Roldan,Hallbird,rhallbirdqx@bizjournals.com,02421 Sunbrook Terrace,71.103.53.105
971,Zachariah,Pitone,zpitoneqy@state.gov,70878 Old Shore Place,155.86.185.248
972,Hestia,Itschakov,hitschakovqz@sfgate.com,533 Corscot Terrace,212.78.131.23
973,Trumann,Mendenhall,tmendenhallr0@nbcnews.com,78940 Upham Drive,163.112.131.196
974,Claudelle,Gonnin,cgonninr1@huffingtonpost.com,763 Bobwhite Street,154.242.251.23
975,Gillan,Bratch,gbratchr2@people.com.cn,32368 Kensington Trail,47.255.235.177
976,Tove,Estable,testabler3@taobao.com,20940 Monica Circle,203.71.44.37
977,Hobie,Dobing,hdobingr4@sphinn.com,33 Sauthoff Junction,114.69.44.182
978,Kerry,Danilevich,kdanilevichr5@noaa.gov,914 Bashford Plaza,60.118.103.154
979,Kameko,McElree,kmcelreer6@networksolutions.com,18 Memorial Alley,31.61.235.58
980,Valma,Moreby,vmorebyr7@xrea.com,39 Bunker Hill Plaza,123.101.153.38
981,Halsey,Petto,hpettor8@elpais.com,5186 Transport Drive,149.89.101.23
982,Tim,Kettridge,tkettridger9@marketwatch.com,0987 Transport Pass,77.65.162.73
983,Sasha,Swyne,sswynera@sohu.com,201 Hoard Circle,168.229.190.53
984,Georgianne,Bonny,gbonnyrb@edublogs.org,136 Cottonwood Trail,65.160.190.119
985,Nichole,Weems,nweemsrc@wix.com,6 Hintze Plaza,24.67.199.203
986,Tan,Sainer,tsainerrd@state.gov,3838 Drewry Alley,121.5.115.90
987,Stanislaus,Lovering,sloveringre@rakuten.co.jp,809 Waywood Pass,117.122.100.127
988,Pollyanna,Manie,pmanierf@home.pl,35658 Sunbrook Road,1.251.100.147
989,Chrisse,Wadie,cwadierg@smugmug.com,1 Glendale Road,27.86.95.237
990,Windham,Bottini,wbottinirh@abc.net.au,9092 Bluejay Place,47.63.126.254
991,Ginger,Giabucci,ggiabucciri@reddit.com,185 Washington Court,249.27.12.157
992,Neils,Howick,nhowickrj@dell.com,87533 Melrose Point,147.253.178.254
993,Brigham,Tyzack,btyzackrk@bravesites.com,56 Golf Course Park,176.115.53.17
994,Korry,Lacotte,klacotterl@whitehouse.gov,40 Sloan Center,205.96.182.4
995,Albina,Schrader,aschraderrm@nih.gov,34455 3rd Point,136.87.187.28
996,Margaretha,Jahnel,mjahnelrn@yelp.com,9 Prairie Rose Point,69.7.243.240
997,Cloe,Botler,cbotlerro@microsoft.com,72060 Anniversary Trail,155.31.85.157
998,Max,Sills,msillsrp@oracle.com,04 Dapin Pass,70.149.20.18
999,Ferdy,Camis,fcamisrq@reuters.com,6 Clove Terrace,198.106.184.212
1000,Sven,Catonnet,scatonnetrr@devhub.com,72 Troy Lane,195.105.5.192
